recipe_name,recipe_type,category,ratings,ingredients,time_required,calories,fat,carbohydrates,protein,cholesterol,sodium,recipe_categories
Dairy-Free Cauliflower Fritters,Veg,Appetizers,3.64285707473755,"['1 head cauliflower, broken into small florets', '1 onion', '7 sprigs fresh parsley', '5 cloves garlic', '1 1/2 cups all-purpose flour', '1 teaspoon salt', '1/4 teaspoon ground black pepper', '1 teaspoon ground cumin', '1 teaspoon ground allspice', '1/2 teaspoon ground cinnamon', '1/4 teaspoon ground cloves', '1/4 teaspoon ground nutmeg', '1 teaspoon active dry yeast', '1 cup warm water', '1/4 cup vegetable oil', '1/4 cup olive oil', '4 eggs']",1 h,184.0,11.3,16.4,5.3,62.0,327.0,"['Indian', 'Snacks', 'Breakfast', 'Non_Veg', 'Egg']"
Easy Raita with Mint and Cilantro,Veg,Appetizers,5,"['2 (7 ounce) containers Greek yogurt', '1 cucumber, peeled and diced', '2 tablespoons chopped fresh mint', '2 tablespoons chopped fresh cilantro', '1/2 teaspoon ground cumin', 'salt and ground black pepper to taste']",15 m,71.0,5.1,3.4,3.3,11.0,53.0,"['Snacks', 'Breakfast', 'Indian', 'Veg']"
Green Chutney,Veg,Appetizers,4.65957450866699,"['1 bunch fresh cilantro', '1 clove garlic', '1 tablespoon minced fresh ginger root', '1 minced hot green chile peppers', '1 tablespoon peanuts', 'salt to taste', '2 tablespoons lemon juice']",15 m,25.0,1.2,3.2,1.2,0.0,8.0,"['Snacks', 'Breakfast', 'Indian', 'Veg']"
Easy Veggie Samosas,Veg,Appetizers,4.10638284683228,"['1 tablespoon vegetable oil', '1/2 cup chopped onion', '3 (19 ounce) cans garbanzo beans, drained', '2 tablespoons curry paste', '1/2 cup apple juice', '3 sheets frozen puff pastry, thawed', '1/4 cup all-purpose flour for dusting']",45 m,696.0,34.3,82.5,15.3,0.0,803.0,"['Indian', 'Snacks', 'Samosa', 'Breakfast', 'Veg']"
Elijah's Phulourie,Veg,Appetizers,4.44444465637207,"['2 cups split pea flour', '1 cup self-rising flour', '1/4 teaspoon baking powder', '1/2 teaspoon turmeric', '1/2 teaspoon cumin', '1 teaspoon salt', '3/4 cup water, or as needed', '1/2 small onion, minced', '2 1/2 cloves garlic, minced', '1 green onion, chopped (green part only)', '2 cups vegetable oil for frying']",40 m,134.0,12.3,5.9,1.7,0.0,112.0,"['Snacks', 'Breakfast', 'Indian', 'Veg']"
Spicy Peach Chutney,Veg,Appetizers,4.31746053695679,"['4 pounds sliced peeled peaches', '1 cup raisins', '2 cloves garlic, minced', '1/2 cup chopped onion', '5 ounces chopped preserved ginger', '1 1/2 tablespoons chili powder', '1 tablespoon mustard seed', '1 teaspoon curry powder', '4 cups packed brown sugar', '4 cups apple cider vinegar', '1/4 cup pickling spice']",10 h,51.0,0.1,12.6,0.1,0.0,5.0,"['Snacks', 'Breakfast', 'Indian', 'Veg']"
Spicy Lentil Dip,Veg,Appetizers,3.95454549789429,"['1 cup red lentils', '1 onion, chopped', '2 1/2 cups water', '2 teaspoons curry powder', '3/4 teaspoon cayenne pepper', '1 tablespoon vegetable oil', '2 cloves crushed garlic', '1 teaspoon cumin seeds']",35 m,53.0,1.2,7.7,3.3,0.0,2.0,"['Snacks', 'Breakfast', 'Indian', 'Veg']"
Indian Relish,Veg,Appetizers,4.73109245300293,"['2 red bell peppers, chopped', '1 sweet onion, peeled and chopped', '1 cup white wine vinegar', '1 cup white sugar', '1 tablespoon crushed red pepper flakes']",4 h 35 m,38.0,0.1,9.6,0.2,0.0,2.0,"['Snacks', 'Breakfast', 'Indian', 'Veg']"
Crispy Vegetable Pakoras,Veg,Appetizers,4.57657670974731,"['1 cup chickpea flour', '1/2 teaspoon ground coriander', '1 teaspoon salt', '1/2 teaspoon ground turmeric', '1/2 teaspoon chili powder', '1/2 teaspoon garam masala', '2 cloves garlic, crushed', '3/4 cup water', '1 quart oil for deep frying', '1/2 head cauliflower florets', '2 onions, sliced into rings']",25 m,217.0,15.9,15.9,4.6,0.0,406.0,"['Snacks', 'Breakfast', 'Indian', 'Veg']"
Raita,Veg,Appetizers,4.11267614364624,"['1 cup plain yogurt', '1 cup sour cream', '3 cucumbers, seeded and chopped', '1 tomato, seeded and chopped', '1 teaspoon ground cumin', '1/2 teaspoon paprika', '4 cloves crushed garlic', 'salt and pepper to taste']",45 m,196.0,14.4,13.3,5.5,33.0,65.0,"['Snacks', 'Breakfast', 'Indian', 'Veg']"
Indian-Spiced Roasted Chickpeas,Veg,Appetizers,4.11428594589233,"['2 cups canned chickpeas, rinsed and drained', '1 tablespoon lemon juice', '2 tablespoons olive oil', '1 teaspoon brown sugar', '1 1/2 teaspoons ground cumin', '1/2 teaspoon ground coriander', '1/4 teaspoon ground cinnamon', '1 teaspoon garam masala', '1 pinch ground black pepper', '1 pinch cayenne pepper, or to taste', '1/2 teaspoon salt, or to taste']",2 h 35 m,215.0,8.5,29.7,6.2,0.0,653.0,"['Snacks', 'Breakfast', 'Indian', 'Veg']"
Samosas,Veg,Appetizers,4.12,"['2 cups all-purpose flour', '½ teaspoon salt', '2 tablespoons butter', '¼ cup water', '1 quart oil for deep frying', '2 tablespoons butter', '1 small onion, chopped', '2 cloves garlic, chopped', '2  green chile peppers, chopped', '1 tablespoon fresh ginger root, chopped', '½ teaspoon ground turmeric', '½ teaspoon chili powder', '¾ pound ground lamb', '1 teaspoon salt', '2 teaspoons garam masala', '1\u2009½ tablespoons fresh lemon juice']",50 mins,105.0,7.3,7.2,2.9,12.0,135.0,"['Indian', 'Snacks', 'Samosa', 'Breakfast', 'Veg']"
Indian Chole Aloo Tikki,Veg,Appetizers,4.4210524559021,"['2 potatoes', 'salt and freshly ground black pepper to taste', '3 1/2 tablespoons vegetable oil, divided', '1 tablespoon cornstarch', '1 teaspoon ground ginger', '1 teaspoon ground cumin', '1 teaspoon cayenne pepper', '1 tablespoon chopped fresh cilantro', '1/2 teaspoon black peppercorns', '2 whole cloves', '2 small dried chile peppers (optional)', '1 teaspoon cumin seeds', '2 bay leaves', '1 onion, chopped', '2 cloves garlic, grated', '1 (1/2 inch) piece fresh ginger, grated', '2 teaspoons curry powder', '1 teaspoon ground turmeric', '1 teaspoon tomato paste', '1 teaspoon water', '1 tomato, chopped', '1 (15 ounce) can garbanzo beans, drained', '1 tablespoon cilantro leaves']",1 h 10 m,314.0,13.5,43.6,6.9,0.0,274.0,"['Snacks', 'Breakfast', 'Indian', 'Veg']"
Easy Baked Indian Samosas,Veg,Appetizers,4.5,"['4 potatoes, peeled and cubed', '1/4 cup oil', '2 small onions, finely chopped', '3 tablespoons coriander seed', '1 tablespoon curry powder', '1 (1 inch) piece fresh ginger, grated', '1 teaspoon salt', '1 teaspoon ground turmeric', '1 teaspoon ground cumin', '1/2 teaspoon ground allspice', '1/2 teaspoon cayenne pepper', '1/8 teaspoon ground cinnamon', '2 roma (plum) tomatoes, finely chopped', '1/2 cup frozen peas', '4 prepared pie crusts', '2 egg whites, beaten, or as needed']",1 h 40 m,315.0,18.7,32.7,4.9,0.0,396.0,"['Indian', 'Snacks', 'Samosa', 'Breakfast', 'Non_Veg', 'Egg']"
Mini Sweet Potato Samosas,Veg,Appetizers,3.96296286582947,"['1 sweet potato, peeled and diced', '1 teaspoon butter', '1 tablespoon milk', '1 tablespoon dry onion soup mix', 'curry powder to taste', '20 wonton wrappers', 'sesame oil for brushing']",45 m,169.0,3.0,30.6,4.7,7.0,332.0,"['Indian', 'Snacks', 'Samosa', 'Breakfast', 'Veg']"
Chennai Chicken Wings,Veg,Appetizers,4.46,"['2 tablespoons cornstarch', '2 tablespoons rice flour', '4 teaspoons cayenne pepper', '4 teaspoons paprika', '4 teaspoons ground cumin', '4 teaspoons garam masala', '1 teaspoon ground turmeric', '2 teaspoons freshly ground black pepper', '4 teaspoons kosher salt']",45 mins,190.0,12.7,6.3,12.9,38.0,819.0,"['Snacks', 'Breakfast', 'Indian', 'Veg']"
Yogurt Samosas,Veg,Appetizers,3.63636374473572,"['1 tablespoon vegetable oil', '2 onions, finely chopped', '1 cup plain yogurt', '1 teaspoon curry powder', '1/2 teaspoon chili powder', '2 tablespoons chopped fresh cilantro', '1/4 cup chopped fresh cilantro', '1 (16 ounce) package frozen phyllo dough, thawed', '1/2 cup plain yogurt', '3 tablespoons half-and-half cream', '1/4 cup water', '1 cup all-purpose flour', '3 cups oil for frying, or as needed']",35 m,161.0,6.6,21.2,3.8,2.0,137.0,"['Indian', 'Snacks', 'Samosa', 'Breakfast', 'Veg']"
Layered Chutney Dip,Veg,Appetizers,4.72727251052856,"['1 (8 ounce) package cream cheese, softened', '2 tablespoons sour cream', '2 teaspoons curry powder', '1 (8 ounce) jar mango chutney (such as Major Grey®), chunks removed', '1 cup shredded coconut, or to taste', '1/2 cup chopped cashews, or to taste', '4 green onions, chopped, or to taste']",15 m,278.0,22.2,18.3,4.9,32.0,151.0,"['Snacks', 'Breakfast', 'Indian', 'Veg']"
Indian Spiced Onions,Veg,Appetizers,2.83333325386047,"['1 onion, chopped', '2 teaspoons ketchup', '1 teaspoon lemon juice', '1 tablespoon white sugar', '1 pinch salt', '1 teaspoon chopped fresh cilantro', '1 teaspoon chopped fresh fenugreek leaves', '1 teaspoon chili powder']",1 d 5 m,28.0,0.2,6.6,0.5,0.0,36.0,"['Snacks', 'Breakfast', 'Indian', 'Veg']"
Spicy Potato Noodles (Bataka Sev),Veg,Appetizers,4.59999990463257,"['For the Green Chile Paste:', '1/4 cup chopped fresh green chile peppers', '1 tablespoon coarsely chopped garlic', '2 tablespoons fresh ginger, peeled and coarsely chopped', '1 teaspoon salt', '1/8 teaspoon ground turmeric', '2 teaspoons vegetable oil', 'for the noodles:', '1 pound potatoes, peeled', '3 cups water', '3 1/2 cups chickpea flour', '2 1/2 teaspoons salt', '1 teaspoon ground turmeric', '2 tablespoons mustard oil', 'vegetable oil for deep frying']",1 h 25 m,336.0,18.4,35.2,9.4,0.0,1024.0,"['Snacks', 'Breakfast', 'Indian', 'Veg']"
Sago Sabudana Khichdi,Veg,Appetizers,4.59999990463257,"['1 cup dry sago', '1/4 cup ghee', '2 green chile peppers, chopped', '1 teaspoon cumin seeds', '2 tablespoons coarsely ground peanuts', '2 tablespoons grated fresh coconut', '1 teaspoon white sugar', 'salt to taste', '2 tablespoons chopped cilantro (optional)', '1/4 cup plain yogurt (optional)']",8 h 30 m,613.0,32.7,76.2,6.2,67.0,36.0,"['Snacks', 'Breakfast', 'Indian', 'Veg']"
Lentil Samosas,Veg,Appetizers,4.25,"['3/4 cup dried brown lentils', '3 tablespoons olive oil, divided', '1 onion, diced', '2 teaspoons curry powder', '1 teaspoon ground cardamom', '1 teaspoon ground ginger', '1 teaspoon ground cumin', '1 pinch cayenne pepper (optional)', '1 yam, peeled and sliced', '1/2 cup water', '1/4 cup coconut milk', '6 dried apricots, chopped', '1/2 teaspoon sea salt', '1 (16 ounce) package samosa pastry (egg roll wrappers)']",8 h 55 m,378.0,7.9,65.5,11.8,5.0,440.0,"['Indian', 'Snacks', 'Samosa', 'Breakfast', 'Non_Veg', 'Egg']"
Indian Onion Dipping Sauce,Veg,Appetizers,3.25,"['1 onion, chopped, or more to taste', '1 1/2 tablespoons lemon juice', '1 teaspoon ketchup, or more to taste (optional)', '1/2 teaspoon cayenne pepper', '1/2 teaspoon hungarian paprika', '1/2 teaspoon salt', '1 pinch white sugar (optional)']",2 h 10 m,11.0,0.1,2.7,0.3,0.0,123.0,"['Snacks', 'Breakfast', 'Indian', 'Veg']"
Veggie Samosas,Veg,Appetizers,4.5,"['Filling:', '2 tablespoons vegetable oil', '1/2 cup diced onion', '2 teaspoons chopped garlic', '2 teaspoons curry powder', '1 teaspoon ground ginger', '1 teaspoon ground cumin', '1/2 teaspoon sea salt', '1/2 teaspoon red pepper flakes', '1/2 teaspoon ground coriander', '1/2 teaspoon cayenne pepper', '1/4 teaspoon celery seed', '1/4 teaspoon dried tarragon', '1/8 teaspoon ground cinnamon', '2 cups diced potatoes', '2 cups frozen mixed vegetables, diced', '2 cups vegetable broth', 'dough:', '2 cups all-purpose flour', '1 pinch salt', '2 tablespoons vegetable oil', '1 cup room-temperature water', 'oil for frying']",1 h 40 m,137.0,5.9,18.5,2.7,0.0,130.0,"['Indian', 'Snacks', 'Samosa', 'Breakfast', 'Veg']"
Bhel Puri,Veg,Appetizers,3.33333325386047,"['1 onion, finely chopped', '3/4 cup grated fresh coconut', '2 tablespoons finely chopped green chile pepper', '2 tablespoons finely chopped fresh cilantro', '1 teaspoon lemon juice', '1 teaspoon coconut oil, melted (optional)', '1/2 teaspoon minced fresh ginger root', 'salt to taste', '1 tablespoon water', '2 cups puffed rice']",15 m,179.0,12.5,16.4,2.4,0.0,10.0,"['Snacks', 'Breakfast', 'Indian', 'Veg']"
Curried Celery,Veg,Appetizers,5,"['1/2 cup cream cheese, softened', '1/2 cup raisins, finely chopped', '2 tablespoons minced peeled apple', '1 teaspoon medium curry powder, or to taste', '1/2 teaspoon lemon juice', '8 stalks celery, or as needed, cut into thirds']",20 m,90.0,5.2,10.2,1.7,16.0,76.0,"['Snacks', 'Breakfast', 'Indian', 'Veg']"
Brussels Sprout Pakora,Veg,Appetizers,4,"['1 (16 ounce) package Brussels sprouts', '1 cup chickpea flour', '3 tablespoons rice flour', '1 tablespoon ground coriander', '1 teaspoon ground cumin', '1/2 teaspoon baking powder', 'salt and ground black pepper to taste', '1 cup water, or more as needed', '1/2 cup chopped fresh cilantro', '2 chile peppers, seeded and diced', 'vegetable oil for frying']",25 m,374.0,24.4,33.4,9.8,0.0,135.0,"['Snacks', 'Breakfast', 'Indian', 'Veg']"
Indian Curried Spinach Dip,Veg,Appetizers,3.5,"['1 (10 ounce) package frozen chopped spinach, thawed and drained', '1 teaspoon ground cumin', '1 teaspoon curry powder', '1/4 teaspoon ground turmeric', '1/8 teaspoon cayenne pepper', '1 cube vegetable bouillon', '1/2 cup warm water', '2 teaspoons olive oil', '1 red onion, finely diced', '2 cloves garlic, diced', '1/2 cup plain greek yogurt (such as greek gods®)', '1/3 (8 ounce) package cream cheese (such as philadelphia®)', 'salt and pepper to taste']",30 m,157.0,12.0,8.2,6.1,26.0,169.0,"['Snacks', 'Breakfast', 'Indian', 'Veg']"
Easy Raita with Mint and Cilantro,Veg,Appetizers,5,"['2 (7 ounce) containers Greek yogurt', '1 cucumber, peeled and diced', '2 tablespoons chopped fresh mint', '2 tablespoons chopped fresh cilantro', '1/2 teaspoon ground cumin', 'salt and ground black pepper to taste']",15 m,71.0,5.1,3.4,3.3,11.0,53.0,"['Snacks', 'Breakfast', 'Indian', 'Veg']"
Spicy Egg & Minced Lamb Roll,Veg,Appetizers,3,"[""2 tablespoons Patak's Mild Curry Paste"", '4 eggs', '7 ounces minced lamb', '1 onion, diced', '3 tomatoes, diced', '2 tablespoons olive oil', '1 tablespoon chopped fresh cilantro', '4 flour tortillas or naan bread', 'salt to taste']",45 m,430.0,23.2,35.3,20.4,220.0,398.0,"['Snacks', 'Breakfast', 'Indian', 'Veg']"
Baked Onion Bhajis,Veg,Appetizers,5,"['2 teaspoons extra-virgin olive oil, or as needed', '5 small onions, thinly sliced', 'Spices for the Pan:', '1/4 teaspoon chili powder', '1/2 teaspoon ground turmeric', '1/2 teaspoon ground coriander', '1/4 teaspoon ground cumin', '1/4 teaspoon ground ginger', 'for the bhaji mix:', '5 tablespoons chickpea flour', '1/2 teaspoon ground cumin', '1/2 teaspoon ground coriander', '1 pinch salt', '1 tablespoon tomato puree', '1 tablespoon water, or as needed', '1 tablespoon extra-virgin olive oil, divided, or to taste']",1 h 10 m,60.0,3.3,6.8,1.3,0.0,30.0,"['Snacks', 'Breakfast', 'Indian', 'Veg']"
Corn and Pea Samosas in Caraway Seed Pastry,Veg,Appetizers,5,"['1 1/2 cups all-purpose flour', '2 tablespoons ghee (clarified butter)', '1 tablespoon caraway seeds', '1/2 cup warm water', 'Filling:', '1 1/2 tablespoons ghee (clarified butter)', '1/2 small onion, finely chopped', '2 cloves garlic, crushed', '2 teaspoons grated fresh ginger', '2 teaspoons garam masala', '1/2 teaspoon ground cumin', '1/2 teaspoon ground coriander', '1/4 teaspoon ground turmeric', '1/4 teaspoon chile powder', '1/2 cup corn, drained and rinsed', '1/2 cup frozen peas, or to taste', '1/4 cup coconut milk', '1 cup vegetable oil for frying']",1 h 25 m,164.0,14.1,8.7,1.3,6.0,14.0,"['Indian', 'Snacks', 'Samosa', 'Breakfast', 'Veg']"
Vegetable Samosas with Potatoes and Peas,Veg,Appetizers,4,"['1 1/2 pounds russet potatoes, peeled and diced', '1/2 cup frozen peas', '1 teaspoon garam masala', '1 teaspoon salt', '1/2 teaspoon ground turmeric', '1/8 teaspoon cayenne pepper', 'Dough:', '1 1/2 cups all-purpose flour', '3/4 teaspoon salt', '1 tablespoon vegetable oil', '6 tablespoons ice water, or more if needed', 'filling:', '1/4 cup butter', '1 tablespoon olive oil, or as needed', '1/2 cup chopped yellow onion', '4 teaspoons ginger-garlic paste', '1 squeeze lemon juice', '1 cup vegetable oil for frying, or as needed']",1 h 35 m,219.0,9.9,28.2,3.9,12.0,522.0,"['Indian', 'Snacks', 'Samosa', 'Breakfast', 'Veg']"
Vegetable Curry Samosas,Veg,Appetizers,4,"['2 teaspoons vegetable oil', '1 onion, diced', '1 tablespoon curry powder', '1 tablespoon mustard seeds', '2 teaspoons cumin seeds', '1/2 cup vegetable broth', '2 small potatoes, cut into small cubes', '1 carrot, cut into small cubes', '1/4 pound frozen peas', '1 (17.5 ounce) package frozen puff pastry, thawed', '1 egg, lightly beaten', 'curry sauce:', '2 cups mayonnaise', '2/3 cup sour cream', '1/2 cup white sugar', '1/2 cup lemon juice', '1/2 cup horseradish', '2 tablespoons curry powder, or more to taste', 'salt and ground black pepper to taste']",55 m,461.0,36.9,29.8,4.6,26.0,303.0,"['Indian', 'Snacks', 'Samosa', 'Breakfast', 'Non_Veg', 'Egg']"
Air Fryer Pakoras,Veg,Appetizers,5,"['2 cups chopped cauliflower', '1 cup diced yellow potatoes', '1 1/4 cups chickpea flour (besan)', '3/4 cup water', '1/2 red onion, chopped', '1 tablespoon salt', '1 clove garlic, minced', '1 teaspoon curry powder', '1 teaspoon coriander', '1/2 teaspoon ground cayenne pepper, or more to taste', '1/2 teaspoon cumin', '1 serving cooking spray']",40 m,81.0,1.2,14.3,4.3,0.0,891.0,"['Snacks', 'Breakfast', 'Indian', 'Veg']"
Stuffed Okra,Veg,Appetizers,4,"['2 tablespoons mango powder (amchur)', '1 teaspoon ground ginger', '1 teaspoon ground cumin', '1 teaspoon ground turmeric', '1/2 teaspoon chili powder (optional)', '1/2 teaspoon salt', '1/2 teaspoon vegetable oil', '1 pound large okra', '1/4 cup corn flour', 'vegetable oil for frying']",2 h 20 m,200.0,12.2,22.3,3.2,0.0,307.0,"['Snacks', 'Breakfast', 'Indian', 'Veg']"
Baked Sweet Potato Vegetable Samosas,Veg,Appetizers,2,"['3 tablespoons vegetable oil', '2 cups diced sweet potato', '1 1/2 cups diced eggplant', '1 small onion, diced small', '2 tablespoons curry powder', '1 tablespoon ground cumin', '1 tablespoon garam masala (optional)', '3 cups vegetable broth, or more if needed', '1/4 cup all-purpose flour, or as needed', '2 sheets prepared pie crust']",1 h 50 m,366.0,22.3,37.4,5.0,0.0,451.0,"['Indian', 'Snacks', 'Samosa', 'Breakfast', 'Veg']"
Hyderabadi Nargisi Kofta,Veg,Appetizers,4,"['1 1/4 pounds ground lamb', '1 cup water', '1 cinnamon stick', '1/4 teaspoon ground turmeric', 'salt to taste', '1 onion, minced', '1 egg, beaten', '3 tablespoons chickpea flour', '1 tablespoon ginger garlic paste', '3 green chile peppers, minced', '1 teaspoon ground coriander', '1 teaspoon garam masala', '1/2 teaspoon ground cumin', '1/2 teaspoon ground red pepper', '8 eggs', 'oil for deep frying', '1 teaspoon chaat masala', '1/2 cup chopped fresh cilantro', '8 wedges lime, as garnish']",9 h 40 m,353.0,26.6,7.5,20.5,256.0,267.0,"['Indian', 'Snacks', 'Breakfast', 'Non_Veg', 'Egg']"
Peanut Chaat,Veg,Appetizers,0,"['3 3/4 cups raw peanuts', '2 tomatoes, finely chopped', '1 onion, finely chopped', '1 lime, juiced, or to taste', '1 teaspoon red chile powder, or to taste', 'salt to taste', '2 tablespoons chopped fresh cilantro, or to taste']",15 m,804.0,67.7,28.3,36.3,0.0,68.0,"['Snacks', 'Breakfast', 'Indian', 'Veg']"
Sweet Curry Pumpkin Seeds,Veg,Appetizers,0,"['1 1/2 cups fresh pumpkin seeds, washed and dried', '1/4 cup brown sugar', '1 tablespoon ground cinnamon', '1 tablespoon curry powder', '3 tablespoons vegetable oil, or as needed']",45 m,173.0,13.7,10.0,5.2,0.0,6.0,"['Snacks', 'Breakfast', 'Indian', 'Veg']"
Air Fryer Onion Bhaji,Veg,Appetizers,0,"['1 small red onion, thinly sliced', '1 small yellow onion, thinly sliced', '1 tablespoon salt', '1 jalapeno pepper, seeded and minced', '1 clove garlic, minced', '1 teaspoon coriander', '1 teaspoon chili powder', '1 teaspoon ground turmeric', '1/2 teaspoon cumin', '2/3 cup chickpea flour (besan)', '4 tablespoons water, or as needed', 'cooking spray']",35 m,40.0,0.7,6.8,2.1,0.0,882.0,"['Snacks', 'Breakfast', 'Indian', 'Veg']"
Onion Bhaji,Veg,Appetizers,0,"['1 tablespoon olive oil', '4 medium onions, sliced into 1/4-inch thick rings', '1/2 teaspoon turmeric powder', '1/2 teaspoon ground coriander', '1/4 teaspoon ground cumin', '1/4 teaspoon ground ginger', '1/4 teaspoon chili powder', 'Batter:', '3 tablespoons all-purpose flour', '2 tablespoons garam masala', '1/2 teaspoon salt', '1/2 teaspoon ground coriander', '1/2 teaspoon granulated garlic', '1/2 teaspoon turmeric powder', '1/4 teaspoon ground cumin', '1 pinch saffron', '2 teaspoons tomato paste', '2 tablespoons water', 'vegetable oil for frying']",25 m,213.0,15.5,18.6,2.4,0.0,329.0,"['Snacks', 'Breakfast', 'Indian', 'Veg']"
Indian Chickpea Chaat Salad,Veg,Appetizers,0,"['2 cucumbers, finely chopped', '1 tomato, finely chopped', '1/2 cup chickpeas', '2 teaspoons lemon juice, or to taste', '1 teaspoon chaat masala', 'salt to taste']",10 m,136.0,1.1,27.6,5.4,0.0,416.0,"['Snacks', 'Breakfast', 'Indian', 'Veg']"
Vegetable Pakora,Veg,Appetizers,0,"['vegetable oil for frying', '1 cup gram flour (besan)', '1 teaspoon ground cumin', '1/2 teaspoon cayenne pepper', '1/8 teaspoon ground turmeric', 'salt to taste', 'water, or as needed', '2 tablespoons chopped cilantro', '2 tablespoons chopped fresh spinach', '1/2 cup sliced potatoes', '1/2 cup cauliflower florets', '1/2 cup red onion, sliced lengthwise']",40 m,599.0,56.8,19.2,6.1,0.0,64.0,"['Snacks', 'Breakfast', 'Indian', 'Veg']"
Authentic Indian Vegetarian Samosas ,Veg,Appetizers,0,"['Filling:', '4 medium potatoes, peeled and cubed', '1/2 cup frozen peas, thawed', '1/2 cup raisins', '1 green chile pepper, finely chopped', '1 tablespoon garam masala', '1 teaspoon finely grated fresh ginger', '1 pinch red chile powder, or to taste', 'salt to taste', 'shell:', '1 cup all-purpose flour', '2 tablespoons vegetable oil', '1 pinch ground cinnamon', 'salt to taste', '1 cup water, or as needed', 'vegetable oil for frying']",1 h 10 m,302.0,14.9,39.9,4.3,0.0,50.0,"['Indian', 'Snacks', 'Samosa', 'Breakfast', 'Veg']"
Potato and Pea Samosas ,Veg,Appetizers,0,"['4 potatoes, peeled and cut into 1-inch cubes', 'Dough:', '2 cups all-purpose flour', '1/2 teaspoon salt', '4 tablespoons vegetable oil', '4 tablespoons water', '5 tablespoons vegetable oil', '1 1/2 medium onions, finely chopped', '1 bunch fresh cilantro, chopped', '3/4 cup green peas', '3 green chilies, finely chopped', '3 tablespoons water, or more as needed', '1 tablespoon finely chopped ginger', '2 tablespoons lemon juice', '1 teaspoon ground coriander', '1 teaspoon chaat masala', '3/4 teaspoon amchur powder', '1/2 teaspoon ground cumin', '1/2 teaspoon garam masala', '1/4 teaspoon cayenne pepper', 'salt to taste', '1/4 cup water', '2 tablespoons all-purpose flour', '1 cup vegetable oil for frying, or as needed']",1 h 45 m,396.0,18.8,50.6,7.1,0.0,216.0,"['Indian', 'Snacks', 'Samosa', 'Breakfast', 'Veg']"
Microwave Khandvi,Veg,Appetizers,0,"['2 cups water', '1 cup thick buttermilk', '1 cup chickpea flour', '1 1/2 teaspoons white sugar', '1 teaspoon asafoetida powder', '1 teaspoon ground turmeric', 'salt to taste', '1 tablespoon peanut oil', '1 teaspoon mustard seeds', '1 teaspoon chopped curry leaves', '1 teaspoon asafoetida powder']",31 m,124.0,4.6,15.7,5.6,2.0,86.0,"['Snacks', 'Breakfast', 'Indian', 'Veg']"
Kachori With Fresh Peas,Veg,Appetizers,0,"['1 tablespoon oil', '2 fresh green chile peppers, chopped', '1/2 teaspoon jeera (cumin seeds)', '1 pinch hing (asafoetida powder)', '2 cups fresh peas', '1 teaspoon white sugar', 'salt to taste', '2 cups maida (refined white flour)', '1 tablespoon oil', '2 tablespoons water, or more as needed', '1 tablespoon chopped fresh coriander (cilantro), or to taste', '1 teaspoon lemon juice', 'vegetable oil for frying']",45 m,382.0,13.7,59.9,10.4,0.0,45.0,"['Snacks', 'Breakfast', 'Indian', 'Veg']"
Potato Bonda (Spicy Potato Balls),Veg,Appetizers,0,"['1 pound potatoes, peeled and quartered', '2 tablespoons light sesame oil', '1 1/2 teaspoons cumin seeds', '6 fresh curry leaves, chopped, or more to taste', '1/2 cup minced onion', '2 green chile peppers, minced', '1 1/2 teaspoons ginger paste', '1/2 teaspoon ground turmeric', '1/2 teaspoon curry powder', '1 cup chickpea flour (besan)', '1 tablespoon rice flour', '1 teaspoon ground red chile pepper', '1 pinch asafoetida powder (hing)', '1/4 cup water, or as needed', 'vegetable oil for frying']",1 h,186.0,10.0,21.0,4.5,0.0,13.0,"['Snacks', 'Breakfast', 'Indian', 'Veg']"
South Indian-Style Okra Fritters,Veg,Appetizers,0,"['1/2 pound okra, finely chopped', '1 green chile pepper, finely chopped', '2 tablespoons finely chopped fresh cilantro leaves', '1 tablespoon shortening', '1 teaspoon salt, or to taste', '1 teaspoon grated fresh ginger', '3 tablespoons rice flour, or as needed', '1 tablespoon chickpea (garbanzo bean) flour, or as needed', '2 cups vegetable oil for frying, or as needed']",25 m,145.0,11.6,9.6,1.7,0.0,470.0,"['Snacks', 'Breakfast', 'Indian', 'Veg']"
Creamy Curry Sauce,Veg,Appetizers,0,"['7 1/2 cups sour cream', '1/2 cup lemon juice', '3 tablespoons curry paste', '2 teaspoons salt', '1 teaspoon ground black pepper', '1 teaspoon curry powder', '1 teaspoon dried basil', '1 teaspoon ground thyme']",5 m,126.0,12.1,3.1,1.9,25.0,214.0,"['Snacks', 'Breakfast', 'Indian', 'Veg']"
Curried Mango Chutney Dip,Veg,Appetizers,0,"['1/2 teaspoon sunflower oil', '1 onion, chopped', '2 cloves garlic, crushed', '1/2 teaspoon mild curry powder', '1 cup plain yogurt', '2 tablespoons mango chutney', '2 tablespoons chopped fresh parsley']",15 m,18.0,0.4,2.7,1.0,0.0,12.0,"['Snacks', 'Breakfast', 'Indian', 'Veg']"
Curry Dip,Veg,Appetizers,0,"['2 cups mayonnaise', '2 teaspoons tarragon vinegar', '2 teaspoons prepared horseradish', '2 teaspoons finely grated onion', '1/2 teaspoon curry powder']",2 h 5 m,198.0,21.8,1.0,0.3,10.0,158.0,"['Snacks', 'Breakfast', 'Indian', 'Veg']"
Boondi Raita,Veg,Appetizers,0,"['1/2 cup besan (Bengal gram flour)', '2 teaspoons chili powder', 'salt to taste', '1/4 cup water, or as needed', 'oil for deep frying', '3 cups plain yogurt', '1/2 teaspoon cumin powder', '1 sprig curry leaves', '1/2 teaspoon mustard seed']",17 m,241.0,17.4,13.9,8.5,7.0,126.0,"['Snacks', 'Breakfast', 'Indian', 'Veg']"
Indian Masala Chicken Wings,Non-Veg,Appetizers,5,"['2 teaspoons ground coriander', '2 teaspoons ground cumin', '½ teaspoon ground cardamom', '½ teaspoon hot chile powder', '½ teaspoon ground black pepper', '¼ teaspoon ground cloves', '1 tablespoon vegetable oil', '1 tablespoon water', '1 teaspoon salt, or more as needed', '5 large chicken wings, cut in 2, tips discarded']",4 hrs 25 mins,77.0,5.6,0.7,5.8,18.0,251.0,"['Snacks', 'Breakfast', 'Indian', 'Non-Veg']"
Bombay Chicken Wings,Non-Veg,Appetizers,4.38,"['24  chicken wings', '2 tablespoons vegetable oil', '2 tablespoons soy sauce', '2 tablespoons minced green onion', '2 cloves garlic, minced', '1 teaspoon curry powder', '½ teaspoon ground turmeric', '⅛ teaspoon ground black pepper']",1 hr 35 mins,234.0,12.1,1.2,28.5,78.0,386.0,"['Snacks', 'Breakfast', 'Indian', 'Non-Veg']"
Indian Masala Chicken Wings,Non-Veg,Appetizers,5,"['2 teaspoons ground coriander', '2 teaspoons ground cumin', '½ teaspoon ground cardamom', '½ teaspoon hot chile powder', '½ teaspoon ground black pepper', '¼ teaspoon ground cloves', '1 tablespoon vegetable oil', '1 tablespoon water', '1 teaspoon salt, or more as needed', '5 large chicken wings, cut in 2, tips discarded']",4 hrs 25 mins,77.0,5.6,0.7,5.8,18.0,251.0,"['Snacks', 'Breakfast', 'Indian', 'Non-Veg']"
Curried Chicken Phyllo Parcels,Non-Veg,Appetizers,Unrated,"['1 tablespoon vegetable oil', '1 pound ground chicken', '1  onion, diced', '1 clove garlic, crushed', 'salt and ground black pepper to taste', ""2 tablespoons madras curry paste (such as patak's(<sup>&reg;</sup>))"", '1 (13.5 ounce) can unsweetened coconut cream', '1 bunch fresh cilantro, finely chopped, divided', '1 (8 ounce) package phyllo dough', '3\u2009½ tablespoons butter, melted']",1 hr 10 mins,409.0,28.5,21.3,19.0,73.0,324.0,"['Snacks', 'Breakfast', 'Indian', 'Non-Veg']"
Butter Chicken Tarts,Non-Veg,Appetizers,1,"['1 tablespoon white sugar', '1 dash salt', '1 dash ground cumin', '1 dash garlic powder', '½ cup butter, melted', '1 cup all-purpose flour', '1 teaspoon extra-virgin olive oil', '1 small onion, chopped', '2  green onions - chopped, green and white parts separated, divided', '1\u2009½ cups diced cooked chicken breast', '1 teaspoon soy-based liquid seasoning (such as maggi(<sup>&reg;</sup>)), or to taste', 'salt and ground black pepper to taste', '6 ounces butter chicken cooking sauce']",30 mins,344.0,22.7,22.1,12.8,73.0,319.0,"['Snacks', 'Breakfast', 'Indian', 'Non-Veg']"
Cholay (Curried Chickpeas),Veg,IndianMainDishes,4.02597379684448,"['2 cups water', '1 tea bag', '1 bay leaf', '2 (15.5 ounce) cans garbanzo beans, drained', '2 tablespoons vegetable oil, divided', '1 onion, sliced', '3 tomatoes, chopped', '1/4 cup fresh cilantro leaves', '1 teaspoon ground coriander', '1 teaspoon cumin seeds', '1 teaspoon grated fresh ginger root', '1 teaspoon grated garlic', '1 teaspoon ground turmeric (optional)', '1 onion, finely chopped', 'ground cayenne pepper to taste', '1 pinch garam masala (optional)']",45 m,248.0,6.7,40.2,8.5,0.0,446.0,"['Indian Main Dishes', 'Indian', 'Veg']"
Curry in a Hurry,Veg,IndianMainDishes,5,"['5 cups water', '1 (14.5 ounce) can diced tomatoes', '1 (14 ounce) can light coconut milk', '2 cups red lentils', '1 cup frozen chopped spinach', '1 red onion, chopped', '3 tablespoons tomato paste', '2 tablespoons curry powder', '3 cloves garlic, minced', '2 teaspoons vegetable bouillon base (such as better than bouillon® vegetable base)', '1 teaspoon cayenne pepper']",45 m,505.0,10.7,73.1,29.5,0.0,587.0,"['Indian Main Dishes', 'Indian', 'Veg']"
Butternut Squash Coconut Curry,Veg,IndianMainDishes,4.33,"['2 cups diced butternut squash', '1 cup water', '1 tablespoon olive oil', '1 teaspoon salt', '½ teaspoon mustard seeds', '½ teaspoon cumin seeds', '¼ teaspoon cayenne pepper', '¼ teaspoon ground turmeric', '1 (15 ounce) can coconut milk', '1 (15 ounce) can cannellini beans, drained and rinsed', '¼ cup chopped fresh cilantro, or to taste']",35 mins,397.0,26.7,34.2,10.8,0.0,607.0,"['Indian Main Dishes', 'Indian', 'Veg']"
Spicy Lentil Quinoa Curry,Veg,IndianMainDishes,4.80000019073486,"['1 tablespoon olive oil', '1 cup diced onion', '1 cup chopped mushrooms', '1/2 cup chopped carrots', '3 cloves garlic, minced', '4 cups vegetable broth', '1 cup water', '1 cup dry green lentils', '1/2 cup quinoa', '2 tablespoons tomato paste', '2 tablespoons curry powder', '1 tablespoon ground red chile pepper', '1 tablespoon ground cumin', '1 tablespoon ground ginger', '1 teaspoon cayenne pepper', '1 teaspoon garam masala (indian spice blend)', '1 teaspoon ground turmeric', '1 teaspoon salt, or to taste', '1 dash ground black pepper, or to taste', '1/4 cup milk', '1 tablespoon butter']",1 h 10 m,413.0,10.5,62.1,19.8,9.0,1158.0,"['Indian Main Dishes', 'Indian', 'Veg']"
Vegetarian Korma,Veg,IndianMainDishes,4.57621765136719,"['1 1/2 tablespoons vegetable oil', '1 small onion, diced', '1 teaspoon minced fresh ginger root', '4 cloves garlic, minced', '2 potatoes, cubed', '4 carrots, cubed', '1 fresh jalapeno pepper, seeded and sliced', '3 tablespoons ground unsalted cashews', '1 (4 ounce) can tomato sauce', '2 teaspoons salt', '1 1/2 tablespoons curry powder', '1 cup frozen green peas', '1/2 green bell pepper, chopped', '1/2 red bell pepper, chopped', '1 cup heavy cream', '1 bunch fresh cilantro for garnish']",55 m,462.0,31.1,41.3,8.6,82.0,1434.0,"['Indian Main Dishes', 'Indian', 'Veg']"
Red Lentil Curry,Veg,IndianMainDishes,4.50073766708374,"['2 cups red lentils', '1 large onion, diced', '1 tablespoon vegetable oil', '2 tablespoons curry paste', '1 tablespoon curry powder', '1 teaspoon ground turmeric', '1 teaspoon ground cumin', '1 teaspoon chili powder', '1 teaspoon salt', '1 teaspoon white sugar', '1 teaspoon minced garlic', '1 teaspoon minced fresh ginger', '1 (14.25 ounce) can tomato puree']",40 m,192.0,2.6,32.5,12.1,0.0,572.0,"['Indian Main Dishes', 'Indian', 'Veg']"
Spicy Vegan Potato Curry,Veg,IndianMainDishes,4.51672840118408,"['4 potatoes, peeled and cubed', '2 tablespoons vegetable oil', '1 yellow onion, diced', '3 cloves garlic, minced', '2 teaspoons ground cumin', '1 1/2 teaspoons cayenne pepper', '4 teaspoons curry powder', '4 teaspoons garam masala', '1 (1 inch) piece fresh ginger root, peeled and minced', '2 teaspoons salt', '1 (14.5 ounce) can diced tomatoes', '1 (15 ounce) can garbanzo beans (chickpeas), rinsed and drained', '1 (15 ounce) can peas, drained', '1 (14 ounce) can coconut milk']",1 h,407.0,20.1,50.6,10.1,0.0,1176.0,"['Indian Main Dishes', 'Vegan', 'Indian', 'Veg']"
Chickpea Curry,Veg,IndianMainDishes,4.23279666900635,"['2 tablespoons vegetable oil', '2 onions, minced', '2 cloves garlic, minced', '2 teaspoons fresh ginger root, finely chopped', '6 whole cloves', '2 (2 inch) sticks cinnamon, crushed', '1 teaspoon ground cumin', '1 teaspoon ground coriander', 'salt', '1 teaspoon cayenne pepper', '1 teaspoon ground turmeric', '2 (15 ounce) cans garbanzo beans', '1 cup chopped fresh cilantro']",40 m,135.0,4.5,20.5,4.1,0.0,289.0,"['Indian Main Dishes', 'Indian', 'Veg']"
Baingan Bharta (Eggplant Curry),Veg,IndianMainDishes,4.32631587982178,"['1 large eggplant', '2 tablespoons vegetable oil', '1 teaspoon cumin seeds', '1 medium onion, thinly sliced', '1 tablespoon ginger garlic paste', '1 tablespoon curry powder', '1 tomato, diced', '1/2 cup plain yogurt', '1 fresh jalapeno chile pepper, finely chopped', '1 teaspoon salt', '1/4 bunch cilantro, finely chopped']",1 h,146.0,8.0,15.2,4.0,2.0,739.0,"['Indian Main Dishes', 'Indian', 'Veg']"
Aloo Phujia,Veg,IndianMainDishes,4.40990972518921,"['1 onion, chopped', '1/4 cup vegetable oil', '1 pound potatoes, peeled and cubed', '1 teaspoon salt', '1/2 teaspoon cayenne pepper', '1/2 teaspoon ground turmeric', '1/4 teaspoon ground cumin', '2 tomatoes, chopped']",30 m,235.0,14.1,25.7,3.3,0.0,593.0,"['Indian Main Dishes', 'Indian', 'Veg']"
Indian Shrimp Curry,Veg,IndianMainDishes,4.45054960250854,"['2 tablespoons peanut oil', '1/2 sweet onion, minced', '2 cloves garlic, chopped', '1 teaspoon ground ginger', '1 teaspoon ground cumin', '1 1/2 teaspoons ground turmeric', '1 teaspoon paprika', '1/2 teaspoon red chili powder', '1 (14.5 ounce) can chopped tomatoes', '1 (14 ounce) can coconut milk', '1 teaspoon salt', '1 pound cooked and peeled shrimp', '2 tablespoons chopped fresh cilantro']",30 m,416.0,32.1,10.9,23.0,146.0,930.0,"['Indian Main Dishes', 'Indian', 'Veg']"
Indian Eggplant - Bhurtha,Veg,IndianMainDishes,4.52573537826538,"['1 eggplant', '2 tablespoons vegetable oil', '1/2 teaspoon cumin seeds', '1 medium onion, sliced', '1 teaspoon chopped fresh ginger', '1 large tomato - peeled, seeded and diced', '1 clove garlic, minced', '1/2 teaspoon ground turmeric', '1/2 teaspoon ground cumin', '1/2 teaspoon ground coriander', '1/4 teaspoon cayenne pepper', '1/2 teaspoon salt, or to taste', 'ground black pepper to taste', '1/4 cup chopped fresh cilantro']",1 h 5 m,119.0,7.4,13.4,2.4,0.0,300.0,"['Indian Main Dishes', 'Indian', 'Veg']"
Indian Dahl with Spinach,Veg,IndianMainDishes,4.14693880081177,"['1 1/2 cups red lentils', '3 1/2 cups water', '1/2 teaspoon salt', '1/2 teaspoon ground turmeric', '1/2 teaspoon chili powder', '1 pound spinach, rinsed and chopped', '2 tablespoons butter', '1 onion, chopped', '1 teaspoon ground cumin', '1 teaspoon mustard seed', '1 teaspoon garam masala', '1/2 cup coconut milk']",40 m,362.0,13.4,44.9,21.0,15.0,693.0,"['Indian Main Dishes', 'Indian', 'Veg']"
Absolutely Perfect Palak Paneer,Veg,IndianMainDishes,3.92887020111084,"['6 tablespoons olive oil', '2 cloves garlic, chopped', '1 tablespoon grated fresh ginger root', '2 dried red chile peppers (optional)', '1/2 cup finely chopped onion', '2 teaspoons ground cumin', '1 teaspoon ground coriander', '1 teaspoon ground turmeric', '3/4 cup sour cream', '3 pounds fresh spinach, torn', '1 large tomato, quartered', '4 sprigs fresh cilantro leaves', '8 ounces ricotta cheese', 'coarse sea salt to taste']",45 m,483.0,36.3,27.3,19.5,37.0,544.0,"['Indian Main Dishes', 'Indian', 'Veg']"
Indian Fish Curry,Veg,IndianMainDishes,4.57272720336914,"['For the marinade:', '2 teaspoons Dijon mustard', '1 teaspoon ground black pepper', '1/2 teaspoon salt', '2 tablespoons canola oil', '4 white fish fillets', '1 onion, coarsely chopped', '4 cloves garlic, roughly chopped', '1 (1 inch) piece fresh ginger root, peeled and chopped', '5 cashew halves', '1 tablespoon canola oil', '2 teaspoons cayenne pepper, or to taste', '1/2 teaspoon ground turmeric', '1 teaspoon ground cumin', '1 teaspoon ground coriander', '1 teaspoon salt', '1 teaspoon white sugar', '1/2 cup chopped tomato', '1/4 cup vegetable broth', '1/4 cup chopped fresh cilantro']",1 h 25 m,338.0,13.5,11.6,41.6,56.0,2715.0,"['Indian Main Dishes', 'Indian', 'Veg']"
Easy Masoor Daal,Veg,IndianMainDishes,4.36238527297974,"['1 cup red lentils', '1 slice ginger, 1 inch piece, peeled', '1/4 teaspoon ground turmeric', '1 teaspoon salt', '1/2 teaspoon cayenne pepper, or to taste', '4 teaspoons vegetable oil', '4 teaspoons dried minced onion', '1 teaspoon cumin seeds']",35 m,185.0,5.2,25.0,11.1,0.0,868.0,"['Indian Main Dishes', 'Indian', 'Veg']"
Coconut Tofu Keema,Veg,IndianMainDishes,4.32,"['¼ cup olive oil', '4 cloves garlic, pressed', '1 medium onions, minced', '1 (14 ounce) package extra firm tofu, diced', '1 (16 ounce) can coconut milk', '1 tablespoon ground cumin', '1 teaspoon curry powder', '1\u2009½ teaspoons ground ginger', '1 teaspoon salt', '1 tablespoon red pepper paste', '6 cups tomato sauce', '1\u2009½ cups frozen peas, thawed', '1\u2009½ cups chopped carrot']",1 hr 5 mins,235.0,17.1,17.4,7.8,0.0,1053.0,"['Indian Main Dishes', 'Indian', 'Veg']"
Alicia's Aloo Gobi,Veg,IndianMainDishes,4.44221115112305,"['1/4 cup olive oil', '1 medium onion, chopped', '1 tablespoon minced garlic', '1 teaspoon cumin seeds', '1 (15 ounce) can diced tomatoes', '1 (15 ounce) can coconut milk', '2 tablespoons ground coriander', '1 tablespoon salt', '1 tablespoon ground turmeric', '1 tablespoon cayenne pepper', '1 teaspoon ground cinnamon', '1 teaspoon ground ginger', '1 teaspoon ground cardamom', '3 large yukon gold potatoes, peeled and cubed', '1 medium head cauliflower, chopped into bite size pieces', '1 (15 ounce) can garbanzo beans, drained', '2 tablespoons garam masala']",1 h 30 m,622.0,39.2,64.0,13.1,0.0,2172.0,"['Indian Main Dishes', 'Indian', 'Veg']"
Chana Masala (Savory Indian Chick Peas),Veg,IndianMainDishes,4.35714292526245,"['1 onion, chopped', '1 tomato, chopped', '1 (1 inch) piece fresh ginger, peeled and chopped', '4 cloves garlic, chopped, or more to taste', '1 green chile pepper, seeded and chopped (optional)', '3 tablespoons olive oil', '2 bay leaves, or more to taste', '1 teaspoon chili powder', '1 teaspoon coriander powder', '1 teaspoon garam masala', '1/2 teaspoon turmeric powder', '1 pinch salt to taste', 'water as needed', '1 (15 ounce) can chickpeas', '1 teaspoon fresh cilantro leaves, for garnish, or more to taste']",30 m,413.0,22.8,46.2,9.4,0.0,525.0,"['Indian Main Dishes', 'Indian', 'Veg']"
Aloo Matar,Veg,IndianMainDishes,4.22302150726318,"['1/4 cup vegetable oil', '2 medium onions, finely chopped', '1 tablespoon ginger garlic paste', '1 bay leaf', '4 large potatoes, peeled and chopped', '1 cup frozen peas', '1/2 cup tomato puree', '1 1/2 teaspoons garam masala', '1 1/2 teaspoons paprika', '1 teaspoon white sugar', '1 teaspoon salt', '2 tablespoons chopped cilantro']",45 m,487.0,14.5,81.7,9.0,0.0,898.0,"['Indian Main Dishes', 'Indian', 'Veg']"
Navratan Korma,Veg,IndianMainDishes,4.51449298858643,"['3 tablespoons vegetable oil, divided', '1/3 cup mixed nuts (cashews, pistachios, almonds)', '1 medium onion, grated', '1/2 teaspoon garlic paste', '1/2 teaspoon ginger paste', '1 (8 ounce) can tomato sauce', '1 teaspoon cayenne pepper', '1/2 teaspoon ground turmeric', '2 teaspoons ground coriander', '1 teaspoon garam masala', '1 cup water', '1/4 cup raisins', '1/2 cup chopped carrots', '1/2 cup chopped green bell pepper', '1/2 cup chopped fresh green beans', '1/2 cup green peas', '1 cup chopped potatoes', '4 ounces paneer, cubed', '1/4 cup milk', '1/4 cup heavy cream', 'salt to taste']",35 m,378.0,24.8,32.4,10.1,26.0,1101.0,"['Indian Main Dishes', 'Indian', 'Veg']"
Cod Curry,Veg,IndianMainDishes,4.53846168518066,"['2 tablespoons vegetable oil', '1 medium onion, chopped', '1 teaspoon garlic paste', '1 teaspoon ginger paste', '2 teaspoons cumin', '2 teaspoons coriander', '1 teaspoon cardamom', '1/2 teaspoon turmeric', '1/2 teaspoon salt', '2 fresh jalapeno peppers, seeded and diced', '1/4 cup chopped cilantro', '1 tablespoon lemon juice', '1 (28 ounce) can diced tomatoes with juice', '1 pound cod fillets, cut into chunks']",1 h 10 m,227.0,8.4,11.4,23.6,53.0,757.0,"['Indian Main Dishes', 'Indian', 'Veg']"
Indian Style Sheekh Kabab,Veg,IndianMainDishes,4.62204742431641,"['2 pounds lean ground lamb', '2 onions, finely chopped', '1/2 cup fresh mint leaves, finely chopped', '1/2 cup cilantro, finely chopped', '1 tablespoon ginger paste', '1 tablespoon green chile paste', '2 teaspoons ground cumin', '2 teaspoons ground coriander', '2 teaspoons paprika', '1 teaspoon cayenne pepper', '2 teaspoons salt', '1/4 cup vegetable oil', 'skewers']",2 h 25 m,304.0,22.6,4.7,20.1,76.0,665.0,"['Indian Main Dishes', 'Indian', 'Veg']"
Authentic and Easy Shrimp Curry,Veg,IndianMainDishes,4.692307472229,"['1/4 cup vegetable oil', '1 large onion, chopped', '10 fresh curry leaves (optional)', '1 tablespoon ginger garlic paste', '1 teaspoon ground coriander', '2/3 teaspoon salt', '1/2 teaspoon ground turmeric', '1 tomato, finely chopped', '1 teaspoon ground red chile pepper', '2 pounds medium shrimp - peeled and deveined', '1/4 cup water', '1 teaspoon garam masala', 'chopped fresh cilantro to taste']",20 m,270.0,12.8,5.3,30.7,277.0,734.0,"['Indian Main Dishes', 'Indian', 'Veg']"
Potato Curry,Veg,IndianMainDishes,4.15652179718018,"['3 tablespoons ghee', '1 teaspoon cumin seeds', '1 teaspoon turmeric', '1 teaspoon ground coriander', '1 teaspoon salt', '1/2 teaspoon mustard seed', '1/2 teaspoon ground cayenne pepper', '6 medium potatoes, peeled and diced', '2 cups water', '1 cup yogurt', '2/3 cup frozen green peas']",1 h,396.0,11.3,64.7,11.3,28.0,677.0,"['Indian Main Dishes', 'Indian', 'Veg']"
Vegetarian Chickpea Curry with Turnips,Veg,IndianMainDishes,4.57391309738159,"['2 tablespoons olive oil', '1/2 onion, diced', '2 cloves garlic, minced', '1 tablespoon ground cumin', '2 tablespoons curry powder', '1 (15 ounce) can garbanzo beans (chickpeas), undrained', '1/2 red bell pepper, diced', '1/2 turnip, peeled and diced', '1 cup corn kernels', '1/2 (15 ounce) can tomato sauce', '1 pinch crushed red pepper flakes (optional)', '1 pinch salt', '1 pinch cracked black pepper']",2 h 5 m,226.0,8.9,33.6,6.7,0.0,502.0,"['Indian Main Dishes', 'Indian', 'Veg']"
Authentic Saag Paneer,Veg,IndianMainDishes,4.59459447860718,"['2 bunches spinach, roughly chopped', '1 bunch fenugreek leaves, roughly chopped', '1 tablespoon canola oil', '1/2 pound paneer, cubed', '2 tablespoons canola oil', '1 teaspoon cumin seeds', '1 onion, thinly sliced', '1 teaspoon grated fresh ginger', '3 cloves garlic, minced', '1 tomato, diced', '2 teaspoons garam masala', '1/2 teaspoon ground turmeric', '1/2 teaspoon cayenne pepper', '1/2 cup heavy whipping cream', 'salt to taste']",1 h,299.0,19.9,18.0,17.1,29.0,480.0,"['Indian Main Dishes', 'Indian', 'Veg']"
Indian Stir-Fried Shrimp in Cream Sauce (Bhagari Jhinga),Veg,IndianMainDishes,4.48453617095947,"['1 tablespoon tomato paste', '1/2 teaspoon salt', '1 teaspoon white sugar', '1 teaspoon garam masala', '1/2 teaspoon ground cumin', '1/8 teaspoon ground red pepper', '3 tablespoons finely chopped fresh cilantro', '1 fresh jalapeno pepper, chopped', '1 tablespoon fresh lemon juice', '1 cup coconut milk', '3 tablespoons vegetable oil', '1 teaspoon black mustard seed', '3 cloves garlic, minced', '1 1/4 pounds medium shrimp - peeled and deveined', '1 tablespoon cornstarch', '1 tablespoon cold water']",30 m,338.0,23.9,7.3,25.0,216.0,582.0,"['Indian Main Dishes', 'Indian', 'Veg']"
Delightful Indian Coconut Vegetarian Curry in the Slow Cooker,Veg,IndianMainDishes,3.94565224647522,"['5 russet potatoes, peeled and cut into 1-inch cubes', '1/4 cup curry powder', '2 tablespoons flour', '1 tablespoon chili powder', '1/2 teaspoon red pepper flakes', '1/2 teaspoon cayenne pepper', '1 large green bell pepper, cut into strips', '1 large red bell pepper, cut into strips', '1 (1 ounce) package dry onion soup mix (such as lipton®)', '1 (14 ounce) can unsweetened coconut cream', 'water, as needed', '1 1/2 cups matchstick-cut carrots', '1 cup green peas (optional)', '1/4 cup chopped fresh cilantro']",4 h 20 m,370.0,18.3,48.8,8.2,0.0,373.0,"['Indian Main Dishes', 'Indian', 'Veg']"
Vegetable Masala,Veg,IndianMainDishes,4.23333311080933,"['2 potatoes, peeled and cubed', '1 carrot, chopped', '10 French-style green beans, chopped', '1 quart cold water', '1/2 cup frozen green peas, thawed', '1 teaspoon salt', '1/2 teaspoon ground turmeric', '1 tablespoon vegetable oil', '1 teaspoon mustard seed', '1 teaspoon ground cumin', '1 onion, finely chopped', '2 tomatoes - blanched, peeled and chopped', '1 teaspoon garam masala', '1/2 teaspoon ground ginger', '1/2 teaspoon garlic powder', '1/2 teaspoon chili powder', '1 sprig cilantro leaves, for garnish']",30 m,167.0,4.3,29.8,4.2,0.0,641.0,"['Indian Main Dishes', 'Indian', 'Veg']"
Moong Dal,Veg,IndianMainDishes,4.15909099578857,"['2 1/2 cups moong dal (split husked mung beans)', '2 1/2 cups water', '1 1/2 teaspoons salt', '1/2 teaspoon grated fresh ginger root', '1 teaspoon diced jalapeno chile pepper', '1/2 cup diced tomatoes', '3 teaspoons lemon juice', '1/2 teaspoon ground turmeric', '2 teaspoons vegetable oil', '1 teaspoon cumin seed', '1/2 dried red chile pepper', '1 pinch asafoetida', '2 cloves garlic, finely chopped', '1/4 cup chopped fresh cilantro']",1 h 15 m,330.0,3.0,57.1,21.1,0.0,667.0,"['Indian Main Dishes', 'Indian', 'Veg']"
Tofu Keema,Veg,IndianMainDishes,4.07,"['1 (16 ounce) package firm tofu', '3 tablespoons vegetable oil', '1 teaspoon cumin seeds', '1  onion, chopped', '1 teaspoon minced fresh ginger root', '1 teaspoon minced garlic', '1 cup frozen peas, thawed', '2 teaspoons curry powder', '1 cup chopped fresh tomatoes', 'salt to taste', '1  fresh jalapeno pepper, chopped']",40 mins,340.0,21.8,20.2,21.4,0.0,547.0,"['Indian Main Dishes', 'Indian', 'Veg']"
Tofu Vindaloo,Veg,IndianMainDishes,4.4,"['3 tablespoons vegetable oil', '2 inch piece fresh ginger root, peeled and minced', '2  onions, halved and sliced', '½ head cauliflower, cut into florets', '3  carrots, peeled and sliced', '3 tablespoons vindaloo curry powder', '6 tablespoons tomato paste', '1 (15 ounce) can coconut milk', '1 cup vegetable broth', '1 (15 ounce) can garbanzo beans (chickpeas), drained and rinsed', '1 pound extra-firm tofu, cut into 1-inch cubes', '1 cup mushrooms, sliced', 'salt to taste']",1 hr,413.0,27.8,33.2,15.1,0.0,401.0,"['Indian Main Dishes', 'Indian', 'Veg']"
Indian Cauliflower,Veg,IndianMainDishes,4.06976747512817,"['1 large head cauliflower', '4 tablespoons vegetable oil', '1/2 teaspoon ground turmeric', '1 small onion, minced', '2 tomatoes, pureed', '1 teaspoon garlic powder', '3 teaspoons garam masala (optional)', 'salt to taste', '1/2 head lettuce']",50 m,168.0,11.6,15.1,4.6,0.0,62.0,"['Indian Main Dishes', 'Indian', 'Veg']"
Chicken Makhani (Indian Butter Chicken),Non-Veg,IndianMainDishes,4.5,"['1 tablespoon peanut oil', '1  shallot, finely chopped', '¼  white onion, chopped', '2 tablespoons butter', '2 teaspoons lemon juice', '1 tablespoon ginger garlic paste', '1 teaspoon garam masala', '1 teaspoon chili powder', '1 teaspoon ground cumin', '1  bay leaf', '¼ cup plain yogurt', '1 cup half-and-half', '1 cup tomato puree', '¼ teaspoon cayenne pepper, or to taste', '1 pinch salt', '1 pinch black pepper', '1 tablespoon peanut oil', '1 pound boneless, skinless chicken thighs, cut into bite-size pieces', '1 teaspoon garam masala', '1 pinch cayenne pepper', '1 tablespoon cornstarch', '¼ cup water']",35 mins,408.0,27.8,15.6,23.4,107.0,523.0,"['Indian Main Dishes', 'Indian', 'Non-Veg']"
Kerala Chicken Curry,Non-Veg,IndianMainDishes,5,"['2 tablespoons olive oil', '1 teaspoon black mustard seeds', '1 teaspoon whole cumin seeds', '1  red onion, thinly sliced', '1 tablespoon minced fresh ginger root', '8  fresh curry leaves (optional)', '1 (15 ounce) can diced tomatoes', '3 teaspoons ground coriander', '2 teaspoons red chili powder', '1 teaspoon ground turmeric', '1  cinnamon stick', '1\u2009½ pounds chicken breasts, cut into large chunks', 'water to cover', '1 teaspoon salt']",1 hr 10 mins,248.0,11.9,7.8,25.8,68.0,569.0,"['Indian Main Dishes', 'Indian', 'Non-Veg']"
Instant Pot® Chicken Biryani,Non-Veg,IndianMainDishes,4.75,"['1 1/2 cups basmati rice', 'water', '7 ounces skinless, boneless chicken breast, cut into 1-inch cubes', '7 ounces skinless, boneless chicken thighs, cut into 1-inch cubes', '3 tablespoons Greek yogurt', '1 1/2 tablespoons fresh lemon juice', '1/2 tablespoon grated fresh ginger', '1/2 tablespoon minced fresh garlic', '1 1/2 teaspoons garam masala, divided', 'salt and ground black pepper to taste', '3 tablespoons ghee', '2 whole cloves', '2 cardamom pods, crushed', '1 bay leaf', '1/2 cinnamon stick', '1 teaspoon coriander seed', '1 teaspoon brown mustard seed', '3/4 teaspoon cumin seeds', '1 large red onion, cut in half and thinly sliced', '1 1/2 cups chicken stock', '1/2 cup roughly chopped fresh cilantro', '1/4 cup roughly chopped fresh mint leaves', '1/2 teaspoon ground turmeric', '1/2 teaspoon paprika', '1/2 teaspoon red chile powder']",1 h 40 m,498.0,16.6,62.4,25.4,84.0,543.0,"['Indian Main Dishes', 'Indian', 'Non-Veg']"
Reshmi Kebab (Silken Kebabs),Non-Veg,IndianMainDishes,4.4,"['6  almonds', '6  jalapeno peppers, seeded and chopped', '8 cloves garlic', '1 inch piece fresh ginger root, peeled', '1 cup chopped fresh cilantro', 'salt to taste', '1  lemon, juiced', '½ cup heavy cream', '2 pounds skinless, boneless chicken breast halves - cut into 1 1/2 inch pieces', '2 tablespoons butter']",1 day,293.0,15.6,5.3,33.0,124.0,115.0,"['Indian Main Dishes', 'Indian', 'Non-Veg']"
Easy Chicken Madras Recipe,Non-Veg,IndianMainDishes,4.25,"['2  onions, coarsely chopped', '2  red chile peppers, stemmed and seeded', '1 (2 inch) piece fresh ginger, grated', '2 cloves garlic', '1 splash water, or as needed', 'salt and ground black pepper to taste', '1 tablespoon vegetable oil', '¼ cup madras curry powder', '4  skinless, boneless chicken breasts, cut into large chunks', '1 (14 ounce) can chopped tomatoes', '½ cup chopped cilantro, or to taste']",1 hr 25 mins,246.0,6.8,20.7,25.6,59.0,256.0,"['Indian Main Dishes', 'Indian', 'Non-Veg']"
Chicken Tikka Masala,Non-Veg,IndianMainDishes,4.39,"['1 cup yogurt', '1 tablespoon lemon juice', '2 teaspoons fresh ground cumin', '1 teaspoon ground cinnamon', '2 teaspoons cayenne pepper', '2 teaspoons freshly ground black pepper', '1 tablespoon minced fresh ginger', '1 teaspoon salt, or to taste', '3  boneless skinless chicken breasts, cut into bite-size pieces', '4  long skewers', '1 tablespoon butter', '1 clove garlic, minced', '1  jalapeno pepper, finely chopped', '2 teaspoons ground cumin', '2 teaspoons paprika', '1 teaspoon salt, or to taste', '1 (8 ounce) can tomato sauce', '1 cup heavy cream', '¼ cup chopped fresh cilantro']",2 hrs 20 mins,404.0,28.9,13.3,24.6,143.0,1592.0,"['Indian Main Dishes', 'Indian', 'Non-Veg']"
Curry Stand Chicken Tikka Masala Sauce,Non-Veg,IndianMainDishes,4.91,"['2 tablespoons ghee (clarified butter)', '1  onion, finely chopped', '4 cloves garlic, minced', '1 tablespoon ground cumin', '1 teaspoon salt', '1 teaspoon ground ginger', '1 teaspoon cayenne pepper', '½ teaspoon ground cinnamon', '¼ teaspoon ground turmeric', '1 (14 ounce) can tomato sauce', '1 cup heavy whipping cream', '2 teaspoons paprika', '1 tablespoon white sugar', '1 tablespoon vegetable oil', '4  skinless, boneless chicken breast halves, cut into bite-size pieces', '½ teaspoon curry powder', '½ teaspoon salt, or to taste (optional)', '1 teaspoon white sugar, or to taste (optional)']",1 hr 20 mins,328.0,23.4,13.2,17.9,106.0,980.0,"['Indian Main Dishes', 'Indian', 'Non-Veg']"
Indian Chicken Curry II,Non-Veg,IndianMainDishes,4.28,"['3 tablespoons olive oil', '1 small onion, chopped', '2 cloves garlic, minced', '3 tablespoons curry powder', '1 teaspoon ground cinnamon', '1 teaspoon paprika', '1  bay leaf', '½ teaspoon grated fresh ginger root', '½ teaspoon white sugar', 'salt to taste', '2  skinless, boneless chicken breast halves - cut into bite-size pieces', '1 tablespoon tomato paste', '1 cup plain yogurt', '¾ cup coconut milk', '½  lemon, juiced', '½ teaspoon cayenne pepper']",45 mins,313.0,21.7,14.0,19.1,38.0,268.0,"['Indian Main Dishes', 'Indian', 'Non-Veg']"
Easy Indian Butter Chicken,Non-Veg,IndianMainDishes,4.72,"['1 cup butter, divided', '1  onion, minced', '1 tablespoon minced garlic', '1 (15 ounce) can tomato sauce', '3 cups heavy cream', '2 teaspoons salt', '1 teaspoon cayenne pepper', '1 teaspoon garam masala', '1\u2009½ pounds skinless, boneless chicken breast, cut into bite-sized chunks', '2 tablespoons vegetable oil', '2 tablespoons tandoori masala']",1 hr,880.0,82.3,12.8,26.4,303.0,1461.0,"['Indian Main Dishes', 'Indian', 'Non-Veg']"
Indian Chicken Curry (Murgh Kari),Non-Veg,IndianMainDishes,4.74,"['2 pounds skinless, boneless chicken breast halves', '2 teaspoons salt', '½ cup cooking oil', '1\u2009½ cups chopped onion', '1 tablespoon minced garlic', '1\u2009½ teaspoons minced fresh ginger root', '1 tablespoon curry powder', '1 teaspoon ground cumin', '1 teaspoon ground turmeric', '1 teaspoon ground coriander', '1 teaspoon cayenne pepper', '1 tablespoon water', '1 (15 ounce) can crushed tomatoes', '1 cup plain yogurt', '1 tablespoon chopped fresh cilantro', '1 teaspoon salt', '½ cup water', '1 teaspoon garam masala', '1 tablespoon chopped fresh cilantro', '1 tablespoon fresh lemon juice']",1 hr,427.0,24.3,14.7,38.1,95.0,1370.0,"['Indian Main Dishes', 'Indian', 'Non-Veg']"
Slow Cooker Butter Chicken,Non-Veg,IndianMainDishes,4.49,"['2 tablespoons butter', '2 tablespoons vegetable oil', '4 large skinless, boneless chicken thighs, cut into bite-sized pieces', '1  onion, diced', '3 cloves garlic, minced', '2 teaspoons curry powder', '1 tablespoon curry paste', '2 teaspoons tandoori masala', '1 teaspoon garam masala', '1 (6 ounce) can tomato paste', '15  green cardamom pods', '1 cup low-fat plain yogurt', '1 (14 ounce) can coconut milk', 'salt to taste']",4 hrs 30 mins,480.0,33.3,17.2,30.6,103.0,442.0,"['Indian Main Dishes', 'Indian', 'Non-Veg']"
Chef John's Chicken Tikka Masala,Non-Veg,IndianMainDishes,4.77,"['1\u2009½ pounds skinless, boneless chicken thighs', '1 tablespoon vegetable oil', '2 teaspoons kosher salt', '2 teaspoons garam masala', '2 teaspoons ground cumin', '1 teaspoon ground coriander', '1 teaspoon smoked paprika', '1 teaspoon ground turmeric', '½ teaspoon ground black pepper', '¼ teaspoon cayenne pepper', '⅛ teaspoon ground cardamom', '2 tablespoons clarified butter (ghee), or more as needed', '1  onion, chopped', '¼ cup tomato paste', '4 cloves garlic, finely grated', '1 tablespoon finely grated ginger, or more to taste', '1 cup crushed tomatoes', '1 (13 ounce) can coconut milk', '½ cup chicken broth, or as needed', '2 tablespoons chopped fresh cilantro', '½ teaspoon red pepper flakes', 'salt and ground black pepper to taste']",1 hr 10 mins,625.0,48.2,19.2,33.5,122.0,1325.0,"['Indian Main Dishes', 'Indian', 'Non-Veg']"
Grilled Chicken Thighs Tandoori,Non-Veg,IndianMainDishes,4.41,"['2 (6 ounce) containers plain yogurt', '2 teaspoons kosher salt', '1 teaspoon black pepper', '½ teaspoon ground cloves', '2 tablespoons freshly grated ginger', '3 cloves garlic, minced', '4 teaspoons paprika', '2 teaspoons ground cumin', '2 teaspoons ground cinnamon', '2 teaspoons ground coriander', '16  chicken thighs', 'olive oil spray']",8 hrs 55 mins,349.0,20.5,5.4,34.2,120.0,618.0,"['Indian Main Dishes', 'Indian', 'Non-Veg']"
Indian Tandoori Chicken,Non-Veg,IndianMainDishes,4.31,"['2 pounds chicken, cut into pieces', '1 teaspoon salt', '1  lemon, juiced', '1\u2009¼ cups plain yogurt', '½  onion, finely chopped', '1 clove garlic, minced', '1 teaspoon grated fresh ginger root', '2 teaspoons garam masala', '1 teaspoon cayenne pepper', '1 teaspoon yellow food coloring', '1 teaspoon red food coloring', '2 teaspoons finely chopped cilantro', '1  lemon, cut into wedges']",1 day,356.0,18.8,13.7,35.6,102.0,734.0,"['Indian Main Dishes', 'Indian', 'Non-Veg']"
Indian Tomato Chicken,Non-Veg,IndianMainDishes,4.53,"['1 large onion, chopped', '4 cloves garlic, chopped', '1 slice fresh ginger root', '1 tablespoon olive oil', '2 teaspoons ground cumin', '1 teaspoon ground turmeric', '1 teaspoon salt', '1 teaspoon ground black pepper', '½ teaspoon ground cardamom', '1 (1 inch) piece cinnamon stick', '¼ teaspoon ground cloves', '2  bay leaves', '¼ teaspoon ground nutmeg', '6  skinless chicken thighs', '1 (14.5 ounce) can whole peeled tomatoes, crushed']",2 hrs 15 mins,134.0,5.4,6.9,14.7,57.0,547.0,"['Indian Main Dishes', 'Indian', 'Non-Veg']"
Chicken Korma II,Non-Veg,IndianMainDishes,4.35,"['¼ cup cashew halves', '¼ cup boiling water', '3 cloves garlic, peeled', '1 (1/2 inch) piece fresh ginger root, peeled and chopped', '3 tablespoons vegetable oil', '2  bay leaves, crumbled', '1 large onion, minced', '1 teaspoon ground coriander', '1 teaspoon garam masala', '1 teaspoon ground cumin', '1 teaspoon ground turmeric', '1 teaspoon chili powder', '3  skinless, boneless chicken breast halves - diced', '¼ cup tomato sauce', '1 cup chicken broth', '½ cup heavy cream', '½ cup plain yogurt', '1 teaspoon cornstarch, mixed with equal parts water']",1 hr,399.0,27.5,13.5,25.4,95.0,528.0,"['Indian Main Dishes', 'Indian', 'Non-Veg']"
Keon's Slow Cooker Curry Chicken,Non-Veg,IndianMainDishes,4.29,"['1 tablespoon butter', '1  onion, chopped', '1 (10.75 ounce) can condensed cream of mushroom soup', '1 (10.75 ounce) can condensed cream of chicken soup', '1 (14 ounce) can coconut milk', '1 packet dry onion soup mix (such as knorr(<sup>&reg;</sup>) french onion soup mix)', '3 tablespoons curry powder, or to taste', '½ teaspoon salt', '½ teaspoon ground black pepper', '2 teaspoons ground cayenne pepper, or to taste', '3 large skinless, boneless chicken breast halves -- trimmed and cut into 1-inch pieces', '1 cup green peas', '2 cups sliced fresh mushrooms']",3 hrs 25 mins,635.0,37.9,32.0,45.2,111.0,2231.0,"['Indian Main Dishes', 'Indian', 'Non-Veg']"
Authentic Chicken Tikka Masala,Non-Veg,IndianMainDishes,4.63,"['¼ cup plain yogurt', '2 teaspoons garam masala', '2 teaspoons paprika', '½ teaspoon freshly ground black pepper', '½ teaspoon salt', '½ teaspoon cayenne pepper', '½ teaspoon ground coriander', '1 pound skinless, boneless chicken breast - cut into 1-inch strips', '3 tablespoons vegetable oil', '1 teaspoon cumin seeds', '1 large onion, chopped', '3 cloves garlic, minced', '1 tablespoon grated fresh ginger', '2  green chile peppers, minced', '2  roma tomatoes, diced', '½ cup tomato paste', '¼ cup water', '1 teaspoon garam masala', '½ teaspoon ground coriander', '½ teaspoon ground turmeric', '½ cup heavy whipping cream', '½ teaspoon salt, or to taste', '½ bunch cilantro for garnish']",3 hrs 15 mins,403.0,25.0,20.5,27.2,100.0,927.0,"['Indian Main Dishes', 'Indian', 'Non-Veg']"
Indian Chicken Curry I,Non-Veg,IndianMainDishes,4.44,"['8  bone-in chicken breast halves, skinless', 'salt and pepper to taste', '1 tablespoon olive oil', '2  onions, peeled and quartered', '1 teaspoon finely chopped fresh ginger root', '1 teaspoon crushed garlic', '1 tablespoon hot (madras) curry powder', '1 (15 ounce) can tomato sauce', '1 (10 ounce) can coconut milk', '4  whole cloves', '4 pods cardamom', '1  cinnamon stick', 'salt to taste']",45 mins,305.0,15.3,9.8,33.0,81.0,443.0,"['Indian Main Dishes', 'Indian', 'Non-Veg']"
Spicy Indian Chicken and Mango Curry,Non-Veg,IndianMainDishes,4.25,"['2 medium mangoes, peeled and sliced, divided', '1 (10 ounce) can coconut milk', '4 teaspoons vegetable oil', '4 teaspoons spicy curry paste', '14 ounces skinless, boneless chicken breast halves - cut into cubes', '4 medium shallots, sliced', '1 large english cucumber, seeded and sliced']",35 mins,398.0,20.4,31.1,26.5,58.0,179.0,"['Indian Main Dishes', 'Indian', 'Non-Veg']"
Makhani Chicken (Indian Butter Chicken),Non-Veg,IndianMainDishes,4.45,"['1\u2009¾ pounds skinless, boneless chicken breast halves - cubed', '1 tablespoon lemon juice', '1 tablespoon chili powder', 'salt to taste', '1 cup yogurt', 'salt to taste', '2 tablespoons garlic paste', '½ tablespoon garam masala', '2 tablespoons melted butter', '1 tablespoon chili powder', '2 tablespoons ginger paste', '2 tablespoons lemon juice', '2 tablespoons olive oil', '1 tablespoon butter', '1 tablespoon garam masala', '1 tablespoon ginger paste', '1 tablespoon chopped garlic', '1 tablespoon chopped green chile pepper', '2 cups tomato puree', '1 tablespoon chili powder', 'salt to taste', '1 cup water', '1 tablespoon honey', '½ teaspoon dried fenugreek leaves', '1 cup heavy cream']",5 hrs 15 mins,492.0,28.4,19.0,35.8,149.0,666.0,"['Indian Main Dishes', 'Indian', 'Non-Veg']"
Tandoori Chicken II,Non-Veg,IndianMainDishes,4.16,"['½ teaspoon curry powder', '½ teaspoon red pepper flakes', '½ teaspoon kosher salt', '¼ teaspoon ground ginger', '¼ teaspoon paprika', '¼ teaspoon ground cinnamon', '¼ teaspoon ground turmeric', '2 tablespoons water', '4  skinless, boneless chicken breast halves']",50 mins,264.0,5.8,0.7,49.1,134.0,358.0,"['Indian Main Dishes', 'Indian', 'Non-Veg']"
Curried Chicken and Brown Rice Casserole,Non-Veg,IndianMainDishes,4.23,"['1 cup water', '1 (8 ounce) can stewed tomatoes', '¾ cup quick-cooking brown rice', '½ cup raisins', '1 tablespoon lemon juice', '3 teaspoons curry powder', '1 cube chicken bouillon', '½ teaspoon ground cinnamon', '¼ teaspoon salt', '2 cloves garlic, minced', '1  bay leaf (optional)', '¾ pound skinless, boneless chicken breast halves - cut into 1 inch pieces']",1 hr 15 mins,241.0,2.0,34.5,22.7,50.0,620.0,"['Indian Main Dishes', 'Indian', 'Non-Veg']"
Murgh Makhani (Indian Butter Chicken),Non-Veg,IndianMainDishes,4.85,"['⅓ cup plain nonfat yogurt', '1 tablespoon tandoori masala powder', '1\u2009½ pounds boneless, skinless chicken thighs, cut into 1-inch pieces', '½  onion, chopped', '1 (1 inch) piece fresh ginger', '1 clove garlic', '2 tablespoons water', '3 tablespoons cooking oil, divided', '2 teaspoons garam masala', '¼ teaspoon indian chili powder', '1 cup tomato sauce', '1 cup half and half', '2 tablespoons butter', '1 teaspoon dried fenugreek leaves', '1 teaspoon salt']",1 hr 50 mins,474.0,30.4,12.9,38.1,179.0,1141.0,"['Indian Main Dishes', 'Indian', 'Non-Veg']"
Easy Slow Cooker Chicken Tikka Masala,Non-Veg,IndianMainDishes,4.34,"['1\u2009½ pounds skinless, boneless chicken breast, cut in bite-sized pieces', '1 (14.5 ounce) can tomato sauce', '1 cup plain yogurt', '1  jalapeno pepper, seeded and minced', '1 tablespoon minced fresh ginger', '1 tablespoon ground cumin', '2 teaspoons garam masala', '2 teaspoons ground black pepper', '2 teaspoons paprika', '1 clove garlic, minced', '1 teaspoon ground cinnamon', '1 teaspoon ground coriander', '1 teaspoon salt', '1 cup heavy whipping cream', '¼ cup fresh cilantro, chopped', 'lemon, juiced']",6 hrs 15 mins,456.0,27.9,10.4,40.7,182.0,761.0,"['Indian Main Dishes', 'Indian', 'Non-Veg']"
Evin's Indian Apricot Chicken,Non-Veg,IndianMainDishes,4.47,"['1 pound chicken tenders, cut into bite-size pieces', '2 teaspoons garam masala', '1 teaspoon garlic powder', 'salt and black pepper to taste', '2 tablespoons olive oil', '½  yellow onion, finely diced', '1\u2009½ cups chicken stock, or as needed', '1 cup apricot preserves', '¼ cup white vinegar', '1 teaspoon hot pepper sauce (such as tabasco(<sup>&reg;</sup>))', '1 teaspoon lime zest', '1 tablespoon butter']",40 mins,426.0,13.0,55.8,24.9,73.0,377.0,"['Indian Main Dishes', 'Indian', 'Non-Veg']"
Easy Chicken Korma,Non-Veg,IndianMainDishes,4.36,"['3 tablespoons olive oil', '3 tablespoons butter', '2 large onions, chopped', '6 tablespoons plain yogurt', '2 tablespoons mango chutney', '4 cloves garlic, minced', '2 teaspoons turmeric powder', '1 teaspoon red chile powder', '2 teaspoons garam masala', '2 teaspoons salt', '4  boneless skinless chicken breast halves, chopped', '⅓ cup sliced almonds']",55 mins,423.0,25.9,16.7,31.5,93.0,1412.0,"['Indian Main Dishes', 'Indian', 'Non-Veg']"
Curried Mango Chicken,Non-Veg,IndianMainDishes,4.4,"['1 tablespoon butter', '1  onion, chopped', '3 cloves garlic, minced', '2 pounds skinless, boneless chicken breast meat - cut into bite-size pieces', '3 tablespoons curry paste', '½ cup mango chutney', '1 (28 ounce) can diced tomatoes, drained']",35 mins,261.0,5.7,16.5,33.1,91.0,443.0,"['Indian Main Dishes', 'Indian', 'Non-Veg']"
Easy Chicken Curry,Non-Veg,IndianMainDishes,3.8,"['6  skinless, boneless chicken breast halves - cut into strips', '¼ cup olive oil', '2 large onions, diced', '⅓ cup curry powder, or to taste']",1 hr 15 mins,247.0,11.3,7.9,28.5,68.0,82.0,"['Indian Main Dishes', 'Indian', 'Non-Veg']"
Easy Indian-Style Chicken,Non-Veg,IndianMainDishes,4.19,"['2 tablespoons vegetable oil', '1 teaspoon cumin seed', '1  onion, finely chopped', '¼ cup tomato paste', '¼ cup water', '1 pound skinless, boneless chicken breast halves - cubed', '½ (14 ounce) can coconut milk', '½ teaspoon brown sugar', '½ teaspoon hot chile paste (optional)', '1 pinch cayenne pepper (optional)', '¾ teaspoon ground turmeric', 'salt and pepper to taste', '½ cup chopped cilantro']",50 mins,316.0,20.0,11.4,24.6,59.0,196.0,"['Indian Main Dishes', 'Indian', 'Non-Veg']"
Roomali Roti,Veg,IndianBreads,4.38961029052734,"['2 cups bread flour', '1 teaspoon salt', '2 tablespoons vegetable oil', '2/3 cup water']",1 h 20 m,41.0,4.6,0.0,0.0,0.0,388.0,"['Veg', 'Indian Breads', 'Indian']"
Dosas (Indian-style Pancakes),Veg,IndianBreads,3.66666674613953,"['1 cup brown rice flour', '1/2 cup whole wheat flour', '1 1/2 cups water', '1 red onion, finely chopped', '1 clove garlic, minced', '1/4 cup fresh cilantro, chopped', '1/4 teaspoon white sugar', '1/2 teaspoon ground turmeric', '1 teaspoon ground cumin', '2 teaspoons whole mustard seeds', '1 teaspoon cumin seeds', '1 teaspoon ground coriander', '1 teaspoon ground ginger', '1 pinch cayenne pepper', '3 tablespoons rice vinegar', '1 tablespoon vegetable oil']",1 h 5 m,119.0,2.8,21.2,2.9,0.0,4.0,"['Veg', 'Indian Breads', 'Indian']"
Quick Whole Wheat Chapati,Veg,IndianBreads,4.81818199157715,"['2 1/2 cups whole wheat flour', '3/4 teaspoon salt', '1 cup water']",20 m,127.0,0.7,27.2,5.1,0.0,221.0,"['Veg', 'Indian Breads', 'Indian']"
Naan,Veg,IndianBreads,4.70717763900757,"['1 (.25 ounce) package active dry yeast', '1 cup warm water', '1/4 cup white sugar', '3 tablespoons milk', '1 egg, beaten', '2 teaspoons salt', '4 1/2 cups bread flour', '2 teaspoons minced garlic (optional)', '1/4 cup butter, melted']",3 h,52.0,3.7,4.1,0.8,22.0,363.0,"['Veg', 'Indian Breads', 'Indian']"
Indian Chapati Bread,Veg,IndianBreads,4.58454084396362,"['1 cup whole wheat flour', '1 cup all-purpose flour', '1 teaspoon salt', '2 tablespoons olive oil', '3/4 cup hot water or as needed']",30 m,110.0,3.0,18.2,2.9,0.0,234.0,"['Veg', 'Indian Breads', 'Indian']"
Indian Naan II,Veg,IndianBreads,4.50340127944946,"['2/3 cup warm water (110 degrees F/45 degrees C)', '1 teaspoon active dry yeast', '1 teaspoon white sugar', '2 cups all-purpose flour', '1 teaspoon salt', '1/4 cup ghee', '2 tablespoons plain yogurt', '2 teaspoons kalonji (onion seed)']",2 h 25 m,237.0,9.3,33.3,4.9,23.0,393.0,"['Veg', 'Indian Breads', 'Indian']"
Indian Sweet Bread,Veg,IndianBreads,4.25,"['2 cups all-purpose flour', '1/4 teaspoon salt', '2/3 cup water', '1/4 cup white sugar', '1 tablespoon vegetable oil']",40 m,102.0,1.4,20.1,2.2,0.0,49.0,"['Veg', 'Indian Breads', 'Indian']"
Roti Bread from India,Veg,IndianBreads,4.22727251052856,"['2 cups durum wheat flour', '1/2 teaspoon salt', '3/4 cup water', '1 tablespoon vegetable oil']",45 m,119.0,1.9,22.8,4.4,0.0,98.0,"['Veg', 'Indian Breads', 'Indian']"
Naan Bread,Veg,IndianBreads,3.96825385093689,"['2 tablespoons warm water (110 degrees F/45 degrees C)', '1 teaspoon white sugar', '1 (.25 ounce) package active dry yeast', '1/4 cup warm milk', '1/4 cup plain yogurt, room temperature', '4 tablespoons melted butter', '3 cups unbleached all-purpose flour', '1 teaspoon salt', '1/2 teaspoon baking powder', '1/2 teaspoon nigella seeds (kalonji) (optional)']",5 h 5 m,314.0,8.9,50.0,7.7,22.0,494.0,"['Veg', 'Indian Breads', 'Indian']"
Whole Wheat Chapati,Veg,IndianBreads,4.35897445678711,"['1 cup whole wheat flour', '1 pinch salt', '1 tablespoon olive oil', '1/4 cup water']",12 m,132.0,3.9,21.8,4.1,0.0,2.0,"['Veg', 'Indian Breads', 'Indian']"
Naan-like Easy Flatbread,Veg,IndianBreads,4.23333311080933,"['2 cups all-purpose flour, or more as needed', '1/2 teaspoon baking soda', '1/2 teaspoon baking powder', '1/2 teaspoon cumin seeds', '1/2 teaspoon white sugar', '1 cup milk', '2 tablespoons oil, divided']",37 m,322.0,8.7,51.3,8.5,5.0,245.0,"['Veg', 'Indian Breads', 'Indian']"
Spiced Naan,Veg,IndianBreads,4.58823537826538,"['2 cups bread flour', '1 teaspoon salt', '1/2 (.25 ounce) package instant yeast', '1 teaspoon honey', '3/4 cup water', '1 1/2 tablespoons melted butter', '2 tablespoons butter', '1 onion, chopped', '2 cloves garlic, minced', '1 teaspoon minced fresh ginger root', '2 teaspoons ground coriander', '1 teaspoon ground cumin', '1 teaspoon ground cinnamon', '1 pinch chili powder', '3 tablespoons raisins', '1/4 cup flaked coconut', '2 tablespoons water']",2 h,440.0,15.5,66.3,10.3,27.0,666.0,"['Veg', 'Indian Breads', 'Indian']"
Akki Rotti,Veg,IndianBreads,4.33333349227905,"['1/2 cup green mung beans (green gram)', '1 cup water', '2 cups white rice flour', '1 teaspoon cumin seeds', '2 1/2 teaspoons finely chopped green chile peppers', '1/4 teaspoon asafoetida powder', '2 tablespoons finely chopped fresh cilantro', '1/2 cup unsweetened shredded coconut', '1/4 cup shredded carrot', 'salt to taste', '1/2 cup vegetable oil, divided']",1 d 50 m,629.0,36.7,69.0,6.7,0.0,71.0,"['Veg', 'Indian Breads', 'Indian']"
Potato Chapati Bread,Veg,IndianBreads,4.33333349227905,"['1 cup mashed potatoes', 'salt to taste', '1/2 teaspoon cayenne pepper', '1/2 teaspoon ground turmeric', '1 tablespoon fresh cilantro, finely chopped', '3 tablespoons vegetable oil', '2 cups whole wheat flour', '3/4 cup vegetable oil for frying', '1 tablespoon butter, melted']",45 m,400.0,18.6,53.1,9.3,9.0,183.0,"['Veg', 'Indian Breads', 'Indian']"
Ada (Adai),Veg,IndianBreads,4.25,"['1 cup split Bengal gram (chana dal)', '1 cup skinned split black lentils (urad dal)', '1/2 cup split yellow lentils (moong dal)', '1 cup rice', 'salt to taste', '2 dried red chile peppers, or to taste', 'water, as needed', '2 tablespoons cumin seeds', '2 tablespoons cooking oil']",8 h 50 m,177.0,2.5,29.9,9.1,0.0,10.0,"['Veg', 'Indian Breads', 'Indian']"
Pesarattu,Veg,IndianBreads,5,"['2 cups skin-on, whole green lentils (sabut moong dal)', '1 cup uncooked white rice', '5 green chile peppers', '1 (1/2 inch) piece fresh ginger root, peeled', '1 tablespoon cumin seeds', 'salt to taste', 'cooking spray', '6 tablespoons chopped onion (optional)']",4 h 50 m,179.0,2.3,34.1,5.8,0.0,163.0,"['Veg', 'Indian Breads', 'Indian']"
Roti Canai/Paratha (Indian Pancake),Non-Veg,IndianBreads,4.75,"['3/4 cup warm water', '1 teaspoon salt', '1 pinch white sugar', '4 3/4 cups all-purpose flour', '3 1/2 tablespoons clarified butter (ghee)', '1 egg', '1 teaspoon water', '2 tablespoons ghee (clarified butter), divided']",2 h 30 m,357.0,10.1,56.8,8.5,46.0,302.0,"['Egg', 'Indian Breads', 'Non_Veg', 'Indian']"
Eggless Mango Bread,Veg,IndianBreads,4.66666650772095,"['1 cup diced fresh mango', '1/4 cup hot water', '1/2 cup white sugar', '1/2 cup skim milk powder', '1/2 cup yogurt', '1/2 cup sunflower oil', '2 cups whole wheat flour', '1 teaspoon baking powder', '1 teaspoon baking soda']",55 m,139.0,5.8,18.9,4.0,0.0,123.0,"['Veg', 'Indian Breads', 'Indian']"
Adipoli Parathas,Non-Veg,IndianBreads,4.5,"['For the dough:', '2 cups whole wheat flour', '1/4 cup vegetable oil', '2/3 cup water', 'For the filling:', '1/2 cup vegetable oil', '1/2 teaspoon mustard seeds', '1 green chile pepper, chopped', '1 (1 1/2 inch) piece ginger, grated', '2 onions, peeled and finely chopped', '10 fresh curry leaves', '1/2 teaspoon ground turmeric', 'sea salt to taste', '6 ounces uncooked prawns, peeled and deveined', '2 eggs, beaten']",2 h,349.0,22.5,28.6,10.8,73.0,60.0,"['Egg', 'Indian Breads', 'Non-Veg', 'Indian']"
Best Vegan Naan,Veg,IndianBreads,4.5,"['1/2 cup lukewarm water', '2 teaspoons white sugar', '1 tablespoon active dry yeast', '4 1/2 cups bread flour', '2 teaspoons salt', '1 teaspoon baking powder', '1/4 teaspoon baking soda', '1/4 cup coconut oil, melted', '3/4 cup plain non-dairy yogurt', '2 tablespoons canola oil']",1 h 55 m,113.0,11.2,4.0,0.6,0.0,684.0,"['Veg', 'Vegan', 'Indian Breads', 'Indian']"
Thalipeeth,Veg,IndianBreads,0,"['1/2 cup sorghum flour (jowar)', '1/2 cup pearl millet flour (bajra)', '1/2 cup rice flour', '1/2 cup amaranth flour (rajgira)', '1/2 cup red millet flour (ragi)', '1/4 cup whole wheat flour', '2 green chilies, finely chopped', '1/2 onion, finely chopped', '1 (1/2 inch) piece ginger, finely chopped', '1 tablespoon ghee', '1 teaspoon carom (ajwain) seeds', 'salt to taste', '2 tablespoons warm water, or as needed', '1 tablespoon melted ghee, or as needed']",30 m,428.0,9.3,76.5,10.2,16.0,46.0,"['Veg', 'Indian Breads', 'Indian']"
Indian Potato-Stuffed Paratha,Veg,IndianBreads,0,"['3 medium potatoes, peeled and cubed', '2 cups whole wheat flour (atta)', 'salt to taste', '1/4 cup water, or as needed', '2 green chile peppers, finely chopped', '2 dried roasted red chile peppers, crushed', '1 teaspoon chopped coriander leaves, or to taste', '1 teaspoon garam masala', '1/2 teaspoon roasted ground cumin', '1/2 teaspoon amchoor (dried mango powder) (optional)', '1 pinch asafoetida powder', 'salt to taste', 'vegetable oil for frying']",1 h 20 m,359.0,2.9,76.1,12.3,0.0,96.0,"['Veg', 'Indian Breads', 'Indian']"
Indian Crisp Rice Pancake (Dosa),Veg,IndianBreads,0,"['3 cups uncooked rice', '1 cup urad dal', '2 teaspoons fenugreek seeds', '6 cups water', 'salt to taste', '6 tablespoons cooking oil, divided', '6 teaspoons butter, divided']",8 h 12 m,612.0,18.8,94.2,14.8,11.0,80.0,"['Veg', 'Indian Breads', 'Indian']"
Parathas,Veg,IndianBreads,0,"['1 1/2 cups all-purpose flour', '1/2 cup whole wheat flour', '1 teaspoon salt', '1 tablespoon melted butter', '1 teaspoon white sugar', '1/2 teaspoon garlic powder', '1 teaspoon dried mixed herbs', '3/4 cup water', 'oil for frying']",49 m,139.0,3.2,24.1,3.5,4.0,302.0,"['Veg', 'Indian Breads', 'Indian']"
Chai Tea Ice Cream,Veg,IndianDesserts,4.33333349227905,"['3 cups whole milk, or more to taste', '3 cups heavy whipping cream', '3 cups white sugar', '4 cinnamon sticks', '4 tablespoons Indian-style plain black tea', '3 tablespoons garam masala (Indian spice blend)', '10 black peppercorns', '6 cardamom pods', '2 whole star anise pods', '1 teaspoon ground nutmeg', '1 tablespoon vanilla extract', '1 cup chopped semisweet chocolate (optional)']",5 h 35 m,523.0,29.0,65.5,4.7,88.0,52.0,"['Indian', 'Indian Desserts', 'Veg']"
Besan Laddu,Veg,IndianDesserts,5,"['2 cups chickpea flour (besan)', '1 cup clarified butter (ghee)', '1 cup white sugar, or to taste', '2 teaspoons finely chopped pistachio nuts', '1 teaspoon finely chopped cashews']",45 m,137.0,9.2,12.9,1.8,22.0,7.0,"['Indian', 'Indian Desserts', 'Veg']"
Rasgullas,Veg,IndianDesserts,4.75,"['6 cups milk', '3 tablespoons fresh lime juice', '2 1/2 cups white sugar', '6 cups water', '1 teaspoon ground cardamom']",1 h 50 m,134.0,1.5,28.7,2.4,6.0,32.0,"['Indian', 'Indian Desserts', 'Veg']"
Rose Ice Cream,Veg,IndianDesserts,4.90909099578857,"['1 pinch saffron', '2 tablespoons warm milk', '1 1/2 quarts vanilla ice cream, softened', '1 1/2 tablespoons rose syrup', '1/2 teaspoon ground cardamom', '1/4 cup chopped pistachio nuts']",2 h 20 m,233.0,12.9,26.8,4.5,44.0,101.0,"['Indian', 'Indian Desserts', 'Veg']"
Besan (Gram Flour) Halwa,Veg,IndianDesserts,4.5789475440979,"['1 cup milk', '1/2 cup water', '1/2 teaspoon ground cardamom', '3/4 cup ghee (clarified butter)', '1 cup chickpea flour (besan)', '1 cup sugar']",35 m,323.0,20.5,33.4,3.4,52.0,13.0,"['Indian', 'Indian Desserts', 'Veg']"
Kheer (Rice Pudding),Veg,IndianDesserts,4.45454549789429,"['2 cups coconut milk', '2 cups milk', '3 tablespoons white sugar', '1/2 cup Basmati rice', '1/4 cup raisins', '1/2 teaspoon ground cardamom', '1/2 teaspoon rose water (optional)', '1/4 cup sliced almonds, toasted', '1/4 cup chopped pistachio nuts']",35 m,513.0,33.4,48.2,11.3,10.0,99.0,"['Indian', 'Indian Desserts', 'Veg']"
Kulfi,Veg,IndianDesserts,4.57627105712891,"['1 1/4 cups evaporated milk', '1 1/4 cups sweetened condensed milk', '1 (16 ounce) container frozen whipped topping, thawed', '4 slices white bread, torn into pieces', '1/2 teaspoon ground cardamom']",8 h 20 m,139.0,7.2,16.4,2.7,9.0,67.0,"['Indian', 'Indian Desserts', 'Veg']"
Gulab Jamun,Veg,IndianDesserts,3.70833325386047,"['1 cup dry milk powder', '3 tablespoons all-purpose flour', '2 tablespoons ghee (clarified butter), melted', '1/2 teaspoon baking powder', '1/2 cup warm milk', '1 tablespoon chopped almonds (optional)', '1 tablespoon chopped pistachio nuts (optional)', '1 tablespoon golden raisins (optional)', '1 pinch ground cardamom', '1 quart vegetable oil for deep frying', '1 1/4 cups white sugar', '7 fluid ounces water', '1 teaspoon rose water', '1 pinch ground cardamom']",50 m,143.0,7.9,16.8,2.2,10.0,40.0,"['Indian', 'Indian Desserts', 'Veg']"
Quick Nariyal Burfi (Indian Coconut Fudge),Veg,IndianDesserts,3.69230771064758,"['3 cups sweetened flaked coconut', '1 1/2 (14 ounce) cans sweetened condensed milk', '2/3 cup sliced almonds', '1 tablespoon ground cardamom (optional)']",1 h 12 m,275.0,12.1,37.6,5.6,17.0,115.0,"['Indian', 'Indian Desserts', 'Veg']"
Indian Spiced Rice Treats,Veg,IndianDesserts,4.57142877578735,"['1/2 cup unsalted butter', '1 (10 ounce) package miniature marshmallows', '6 cups crispy rice cereal', '1 teaspoon ground cardamom', '1 cup chopped unsalted cashew nuts', '1 cup golden raisins']",25 m,155.0,6.6,23.2,1.6,10.0,70.0,"['Indian', 'Indian Desserts', 'Veg']"
Carrot Recipe,Veg,IndianDesserts,4.5,"['4 cups grated carrots', '2 cups milk', '1 cup white sugar', '1 tablespoon butter', '1/2 cup cashew halves', '1/2 cup raisins', '1 pinch ground cardamom (optional)']",17 m,486.0,13.6,88.3,8.4,17.0,258.0,"['Indian', 'Indian Desserts', 'Veg']"
Maharani Cupcakes,Non-Veg,IndianDesserts,4.5,"['Sweet Basil Cream:', '1 1/2 cups heavy whipping cream', '1 bunch fresh basil, washed and dried', 'Sweet Curry Lemon Curd:', '1 cup white sugar', '2 eggs, lightly beaten', '2 tablespoons mild curry powder', '3/4 cup fresh lemon juice', '3 lemons, zested', '1/4 cup unsalted butter, melted', 'coconut cupcakes:', '1 (18.25 ounce) package white cake mix', '1 cup sweetened flaked coconut', '1 1/4 cups water', '3 eggs', '1/3 cup vegetable oil', '2 tablespoons coconut extract', ""6 cups confectioners' sugar, divided"", '1/2 (8 ounce) package cream cheese, room temperature', '1 tablespoon silver dragees decorating candy']",4 h 30 m,393.0,16.3,60.0,3.1,65.0,193.0,"['Indian', 'Indian Desserts', 'Non_Veg', 'Egg']"
Ras Malai,Veg,IndianDesserts,4.52941179275513,"['1 (15 ounce) container whole-milk ricotta cheese', '1/4 cup white sugar', '3 cups half and half', '1 cup white sugar', '1/4 teaspoon ground cardamom', '1/2 teaspoon rose water (optional)', '1 pinch saffron', '1 tablespoon chopped blanched almonds', '2 teaspoons chopped pistachio nuts']",1 h 25 m,216.0,10.4,25.6,6.1,33.0,72.0,"['Indian', 'Indian Desserts', 'Veg']"
Besan Ladoo,Veg,IndianDesserts,2.375,"['3/4 cup ghee (clarified butter)', '2 cups chickpea flour (besan)', '1/2 cup shredded sweetened coconut (optional)', '3 tablespoons ground almonds', '1/2 cup superfine (castor) sugar', '1/2 teaspoon ground cardamom']",2 h 45 m,267.0,17.9,23.6,4.7,39.0,11.0,"['Indian', 'Indian Desserts', 'Veg']"
Easy Malai Kulfi,Veg,IndianDesserts,4.83333349227905,"['2 cups whole milk', '1/2 cup condensed milk', '1/4 cup dry milk powder', '2 teaspoons white sugar, or to taste (optional)', '1/2 teaspoon ground cardamom', '1 pinch saffron threads', '1/4 cup chopped pistachio nuts']",1 h 25 m,194.0,8.7,22.7,7.2,22.0,108.0,"['Indian', 'Indian Desserts', 'Veg']"
Egg Halwa,Non-Veg,IndianDesserts,4.59999990463257,"['4 pods green cardamom', '1 cup milk', '4 eggs, beaten', '3/4 cup sugar', '1/2 cup shortening', '1 teaspoon semolina', '1/2 cup dry milk powder']",1 h 5 m,556.0,36.1,47.5,12.6,206.0,154.0,"['Indian', 'Indian Desserts', 'Non-Veg', 'Egg']"
Vegan Yogurt Sundae,Veg,IndianDesserts,4.33333349227905,"['1/4 cup frozen berries', '1 tablespoon white sugar', '2 tablespoons vegan chocolate chips', '1 tablespoon vegan margarine', '3 tablespoons soy milk or soy creamer', '1 (8 ounce) container vanilla soy yogurt', '1 tablespoon chopped nuts ']",10 m,395.0,25.9,29.6,14.4,0.0,164.0,"['Vegan', 'Indian', 'Indian Desserts', 'Veg']"
Kesari Bhat,Veg,IndianDesserts,4.33333349227905,"['1 pinch saffron threads', '1 1/2 cups hot milk', '3/4 cup vegetable oil', '1 1/4 cups fine semolina', '1/2 cup banana (optional)', '1 1/4 cups white sugar', '1/2 cup ghee (clarified butter)', '1/2 cup cashew pieces', '1/2 cup raisins']",12 m,620.0,38.4,65.7,6.6,36.0,75.0,"['Indian', 'Indian Desserts', 'Veg']"
Gujarati Shrikhand,Veg,IndianDesserts,4,"['6 cups plain yogurt', '2 large pinches saffron threads', '2 tablespoons warm milk', ""4 cups confectioners' sugar, or to taste"", '1 teaspoon ground cardamom', '1/4 cup chopped pistachio nuts', '2 drops yellow food coloring (optional)']",3 h 20 m,752.0,9.7,148.9,21.4,23.0,297.0,"['Indian', 'Indian Desserts', 'Veg']"
Rice Pudding - Indian-Style,Veg,IndianDesserts,4,"['1/2 cup white rice', '4 cups whole milk, divided', '1 1/2 cups white sugar', '1 cup ghee (clarified butter)', '2 teaspoons chopped cashews', '2 teaspoons chopped pistachios', '2 teaspoons chopped almonds']",45 m,496.0,30.5,52.8,5.2,78.0,58.0,"['Indian', 'Indian Desserts', 'Veg']"
Gulab Jamun or Kala Jam (Waffle Balls),Veg,IndianDesserts,5,"['2 cups water', '2 cups white sugar', '1/2 teaspoon ground cardamom', '2 drops rose water (optional)', '1 pinch saffron (optional)', '1/2 cup instant dry milk powder (such as Carnation®)', '2 tablespoons all-purpose flour', '1/4 teaspoon baking soda', ""1 tablespoon unsalted butter (such as land o'lakes®)"", '2 tablespoons plain yogurt', '2 cups vegetable oil for frying']",1 h 17 m,187.0,4.7,36.1,1.3,3.0,45.0,"['Indian', 'Indian Desserts', 'Veg']"
Shahi Tukray (Indian Bread Pudding),Veg,IndianDesserts,5,"['1 quart half-and-half', '2 cups white sugar', '1 (14 ounce) can sweetened condensed milk', '1 loaf sliced bread, crusts removed, divided', 'oil for frying']",1 h 46 m,707.0,25.5,110.5,11.8,61.0,498.0,"['Indian', 'Indian Desserts', 'Veg']"
Simple Besan Ladoo,Veg,IndianDesserts,3.5,"['1 1/4 pounds ghee (clarified butter)', '2 pounds chickpea flour (besan)', ""6 cups confectioners' sugar"", '1 tablespoon ground cardamom', 'milk, as needed']",35 m,310.0,17.4,34.6,5.7,40.0,17.0,"['Indian', 'Indian Desserts', 'Veg']"
Gasagage (Khus Khus) Payasa,Veg,IndianDesserts,4.5,"['3 tablespoons poppy seeds', '3 tablespoons almonds', '1 tablespoon uncooked white rice', '1/2 cup fresh grated coconut', '2 cups water', '1 cup grated jaggery (palm sugar)', '1 pinch saffron threads', '1/2 teaspoon ground cardamom']",4 h 25 m,215.0,5.2,42.5,1.8,0.0,31.0,"['Indian', 'Indian Desserts', 'Veg']"
Rava Laddu,Veg,IndianDesserts,3,"['6 cups semolina flour', '7 cups white sugar', '1 1/2 tablespoons ground cardamom', '1/2 cup ghee (clarified butter)', '1/3 cup cashew nuts', '1 cup hot milk']",30 m,646.0,8.7,135.1,9.0,18.0,25.0,"['Indian', 'Indian Desserts', 'Veg']"
Atta (Whole Wheat) Halwa,Veg,IndianDesserts,4,"['1/2 cup ghee (clarified butter)', '1/4 cup cashews', '1/4 cup raisins', '1 cup whole wheat flour', '3 cups water', '1 cup sugar', '1/2 teaspoon ground cardamom']",35 m,300.0,15.0,41.4,2.9,33.0,32.0,"['Indian', 'Indian Desserts', 'Veg']"
Sawine (Vermicelli Kheer),Veg,IndianDesserts,4,"['1 teaspoon ghee (clarified butter)', '2 ounces vermicelli, broken into 1/2-inch pieces', '1 (12 fluid ounce) can evaporated milk', '12 fluid ounces water', '3 tablespoons sweetened condensed milk', '1/4 teaspoon ground cinnamon', '3 tablespoons raisins', '1/2 cup toasted almonds (optional)']",27 m,358.0,18.9,36.9,13.5,35.0,123.0,"['Indian', 'Indian Desserts', 'Veg']"
Carrot Halwa,Veg,IndianDesserts,2.5,"['1 cup ghee (clarified butter)', '2 cups grated carrots', '1 1/2 cups milk', '1 1/2 cups water', '1 1/2 cups white sugar', '1/2 cup raisins', '1 tablespoon ground cardamom']",45 m,284.0,17.7,32.2,1.3,46.0,15.0,"['Indian', 'Indian Desserts', 'Veg']"
Super-Easy Indian Coconut Ladoo,Veg,IndianDesserts,5,"['10 ounces unsweetened flaked coconut', '1/2 teaspoon ground cardamom', '3 drops orange food coloring (optional)', '1 (14 ounce) can sweetened condensed milk', '1 teaspoon rose water (optional)']",45 m,120.0,8.4,10.8,1.9,5.0,23.0,"['Indian', 'Indian Desserts', 'Veg']"
Annam-Kobbari Parvanam (Rice and Coconut Kheer),Veg,IndianDesserts,3,"['1/3 cup rice', '3 cups milk', '1/2 cup fresh grated coconut', '1/2 cup white sugar', '1/4 cup jaggery (palm sugar)', '1/2 teaspoon ground cardamom', '1 tablespoon ghee', '2 tablespoons cashews', '2 tablespoons raisins']",1 h 50 m,263.0,7.7,44.0,5.6,15.0,88.0,"['Indian', 'Indian Desserts', 'Veg']"
Shahi Tukra (Indian Bread Pudding),Veg,IndianDesserts,4,"['1 quart oil for deep frying', '8 slices white bread, crusts removed and cut into 4 squares', '1/4 cup cashews', '1/4 cup sliced almonds', '2 tablespoons pistachio nuts', '1 1/4 cups whole milk', '5 tablespoons evaporated milk', '3/4 cup white sugar', '1 teaspoon ground cardamom', '1 pinch saffron']",2 h 55 m,324.0,17.8,37.0,5.6,6.0,233.0,"['Indian', 'Indian Desserts', 'Veg']"
Shahi Tukri (Sweet Fried Bread),Veg,IndianDesserts,4,"['1 quart cooking oil', '5 slices white bread, quartered', '1 cup water', '1/2 cup white sugar', '1/2 teaspoon ground cardamom', '2 tablespoons cream', '2 tablespoons chopped pistachio nuts']",2 h 20 m,169.0,11.1,16.9,1.4,4.0,94.0,"['Indian', 'Indian Desserts', 'Veg']"
Paalu Mithai (Milk Sweet),Veg,IndianDesserts,3,"['1/4 cup ghee (clarified butter)', '1/4 cup cashews', '1 1/2 cups whole milk', '1 cup white sugar', '3 tablespoons semolina flour', '1/2 teaspoon ground cardamom']",1 h 50 m,439.0,19.8,62.8,5.3,42.0,92.0,"['Indian', 'Indian Desserts', 'Veg']"
Coconut and Molasses-Filled Rice Dumplings,Veg,IndianDesserts,2,"['Dough:', '2 cups water', '1 teaspoon vegetable oil', '1/2 teaspoon salt', '1 cup rice flour', 'filling:', '1 cup grated coconut', '1/2 cup molasses', '1 teaspoon ground cardamom']",37 m,154.0,3.8,29.2,1.4,0.0,139.0,"['Indian', 'Indian Desserts', 'Veg']"
Indian Bread Pudding (Double Ka Meeta),Veg,IndianDesserts,3,"['10 slices bread, crusts removed and bread cut into triangles diagonally', '1 cup vegetable oil for frying, or as needed', '1 cup white sugar', '1 1/2 cups water', '1/2 teaspoon ground cardamom (optional)', '2 cups whole milk', '1/4 cup raisins', '1/4 cup chopped almonds', '1/4 cup chopped cashews']",1 h 5 m,296.0,9.3,49.2,5.8,6.0,266.0,"['Indian', 'Indian Desserts', 'Veg']"
Baked Gulab Jamun (Indian Dumplings in Syrup),Veg,IndianDesserts,4,"['1 cup non-fat milk powder', '1/2 cup self-rising flour', '2 tablespoons butter, softened', '1/2 cup milk, or as needed', 'syrup:', ""1 cup confectioners' sugar"", '1 cup white sugar', '1 cup water']",37 m,120.0,1.5,24.1,3.0,5.0,92.0,"['Indian', 'Indian Desserts', 'Veg']"
Indian-Style Mousse,Non-Veg,IndianDesserts,0,"['2 cups heavy whipping cream', '3/4 cup white sugar, divided', '2 tablespoons rose water', '1 teaspoon ground coriander', '3 pinches ground cardamom', '4 egg whites']",6 h 15 m,177.0,13.6,12.9,1.9,50.0,31.0,"['Indian', 'Indian Desserts', 'Non_Veg', 'Egg']"
Kobbari Louz,Veg,IndianDesserts,0,"['2 cups grated fresh coconut', '1 cup grated jaggery (palm sugar)', '1/4 cup milk powder', '1/2 teaspoon ground cardamom', '2 teaspoons ghee (clarified butter)']",45 m,109.0,5.2,15.2,1.4,2.0,19.0,"['Indian', 'Indian Desserts', 'Veg']"
Shahi Tukra (Sweet Bread Dessert),Veg,IndianDesserts,0,"['1 quart vegetable oil', '15 slices white bread, cut into 2-inch squares', '4 cups whole milk', '2 cups white sugar', '4 cardamom pods', '4 whole cloves', '2 cinnamon sticks', '1 pinch saffron', '1/2 cup toasted sliced almonds']",3 h 10 m,705.0,26.1,108.6,11.8,16.0,493.0,"['Indian', 'Indian Desserts', 'Veg']"
Shakkara (Sweet) Pongal,Veg,IndianDesserts,0,"['1/2 cup ghee (clarified butter)', '1/4 cup cashews', '1/4 cup raisins', '1/2 cup split yellow lentils (moong dal)', '1 cup basmati rice', '1 1/2 cups milk', '1 cup jaggery (palm sugar)', '1/2 cup white sugar', '1/2 teaspoon ground cardamom', '1 pinch edible camphor (kacha karpoor)']",45 m,605.0,21.4,97.0,9.7,49.0,74.0,"['Indian', 'Indian Desserts', 'Veg']"
Easy Coconut Ladoo,Veg,IndianDesserts,0,"['2 cups flaked coconut', '1 (14 ounce) can sweetened condensed milk', '2 pinches ground cardamom', '2 drops vanilla extract', '2 tablespoons semolina flour (optional)', '1/2 cup flaked coconut, or more as needed']",40 m,288.0,18.4,28.5,5.0,13.0,58.0,"['Indian', 'Indian Desserts', 'Veg']"
Indian Vermicelli Pudding (Dessert) ,Veg,IndianDesserts,0,"['3 tablespoons ghee (clarified butter)', '3 1/2 cups vermicelli pasta', '3 3/4 cups milk', '3/4 cup evaporated milk', '1/2 cup cashews, or to taste', '1/2 cup raisins, or to taste', '8 tablespoons white sugar']",25 m,424.0,13.9,64.6,13.1,28.0,130.0,"['Indian', 'Indian Desserts', 'Veg']"
Pandan Coconut Candy,Veg,IndianDesserts,0,"['1 cup water', '2 pandan leaves', '2 tablespoons ghee (clarified butter)', '1 cinnamon stick, broken in half', '2 coconuts, grated', '1 (14 ounce) can sweetened condensed milk']",55 m,269.0,20.3,21.0,3.6,12.0,42.0,"['Indian', 'Indian Desserts', 'Veg']"
Rich Vegan Kheer (Indian Rice Pudding) ,Veg,IndianDesserts,0,"['1 1/2 cups water', '1 cup basmati rice', '1 cup rice milk', '3/4 cup coconut milk', '1/2 cup soy creamer', '1/4 cup white sugar', '1/4 teaspoon ground cardamom', '1/3 cup raisins', '1/3 cup sliced pistachios, toasted']",45 m,309.0,11.3,48.8,5.2,0.0,57.0,"['Vegan', 'Indian', 'Indian Desserts', 'Veg']"
Mango Shrikhand,Veg,IndianDesserts,0,"['2 1/2 (8 ounce) containers plain yogurt', '3/4 cup mango puree', ""5 tablespoons confectioners' sugar, or more to taste"", '1/4 teaspoon ground cardamom', '2 tablespoons crushed almonds']",6 h 10 m,343.0,7.7,54.7,16.6,17.0,201.0,"['Indian', 'Indian Desserts', 'Veg']"
Super Easy Egg Halwa - Anday ka Halwa,Non-Veg,IndianDesserts,0,"['1 cup vegetable oil', '3 pods cardamom, crushed', '1 tablespoon chickpea flour', '1 cup dry milk powder', '4 eggs', '1 cup white sugar', '2 tablespoons chopped almonds']",20 m,311.0,23.4,21.4,5.2,72.0,63.0,"['Indian', 'Indian Desserts', 'Non-Veg', 'Egg']"
Almond Burfi,Veg,IndianDesserts,0,"['1 cup whole almonds', 'very warm water to cover', '1/3 cup milk', '1 cup white sugar', '2 tablespoons butter', '1/4 teaspoon ground cardamom, or more to taste']",1 h 15 m,92.0,4.8,11.6,1.7,3.0,10.0,"['Indian', 'Indian Desserts', 'Veg']"
